source,target
46,0
186,0
191,0
412,0
629,0
267,0
750,0
949,0
389,0
348,0
218,0
127,0
259,1
498,1
550,1
612,1
740,1
761,1
660,1
105,2
580,2
263,2
913,2
423,2
28,2
743,2
36,3
769,3
223,3
719,3
86,3
245,3
736,3
810,3
833,3
842,3
495,3
629,3
24,3
780,3
709,3
83,4
387,4
262,4
994,4
981,4
528,4
548,4
260,4
776,5
141,5
859,5
330,5
400,5
522,5
523,5
414,5
929,5
763,5
810,5
607,5
961,5
693,5
886,5
749,5
152,5
382,5
116,6
417,6
442,6
452,6
456,6
506,6
303,6
627,6
746,6
805,6
829,6
836,6
856,6
422,6
481,6
674,6
185,6
334,6
49,7
133,7
259,7
304,7
545,7
638,7
867,7
708,7
580,7
789,7
300,7
470,7
354,8
118,8
337,8
479,8
700,8
693,8
39,8
43,9
44,9
580,9
256,9
283,9
605,9
548,9
821,9
447,9
826,9
480,9
952,9
877,9
851,10
212,10
495,10
460,10
887,10
745,10
430,10
155,10
936,10
353,11
295,11
38,12
48,12
305,12
615,12
781,12
937,12
579,12
446,13
249,13
672,13
456,13
865,13
966,13
382,13
4,13
16,14
400,14
175,14
129,14
351,14
816,14
337,14
32,14
855,14
691,14
751,14
759,14
769,14
309,14
283,14
5,15
688,15
383,15
454,15
720,15
704,15
971,15
56,15
24,16
43,16
87,16
160,16
132,16
976,16
325,16
445,16
576,16
620,16
637,16
699,16
999,16
541,16
868,16
881,16
426,16
834,16
298,17
375,17
339,17
353,17
620,17
497,17
555,17
459,17
351,17
645,17
529,17
401,18
216,18
452,18
782,18
900,18
956,18
648,19
333,19
414,19
832,19
300,19
915,19
652,20
13,20
349,20
97,20
181,20
262,20
844,20
462,20
440,21
443,21
792,21
899,21
480,21
495,21
497,21
843,21
907,21
927,21
863,21
778,21
475,21
710,22
221,22
474,22
567,22
622,22
460,22
789,22
188,22
562,22
512,22
653,22
75,22
461,23
833,23
731,23
413,23
233,23
166,23
84,24
73,24
873,24
258,24
307,24
449,24
520,24
548,24
657,24
848,24
521,24
84,25
131,25
414,25
492,25
493,25
670,25
180,25
841,25
911,25
943,25
724,25
277,25
480,25
571,25
597,25
505,26
158,26
392,26
288,26
681,26
346,26
353,26
226,26
965,26
917,26
875,27
364,27
328,27
458,28
671,28
992,28
402,28
434,28
528,28
770,28
736,29
427,29
454,29
865,29
563,29
47,29
679,29
322,29
895,29
394,29
900,29
678,29
214,30
246,30
629,30
387,30
453,30
994,30
721,30
893,30
738,30
836,30
865,30
875,30
662,30
726,30
650,30
216,30
842,30
8,31
405,31
250,31
491,31
31,32
170,32
740,32
532,32
572,32
212,32
812,32
817,32
821,32
5,33
376,33
89,33
645,33
259,33
307,33
22,33
342,33
454,33
507,33
353,33
280,33
400,33
347,33
841,34
958,34
483,34
294,34
623,34
407,34
327,34
993,34
138,35
140,35
237,35
284,35
482,35
550,35
588,35
606,35
646,35
631,35
648,35
674,35
913,35
799,35
962,35
17,36
977,36
256,36
287,36
353,36
457,36
8,36
777,36
874,36
918,36
937,36
47,36
13,36
144,36
929,36
361,36
272,36
54,37
967,37
619,37
353,37
380,37
888,37
937,37
944,37
826,37
857,37
910,37
350,37
8,37
4,38
767,38
982,38
865,38
18,38
3,39
232,39
295,39
894,40
547,40
390,40
416,40
380,40
534,40
557,40
603,40
649,40
672,40
427,40
164,41
263,41
245,41
327,41
500,41
786,41
215,41
904,41
889,41
807,42
161,42
948,42
473,42
931,42
654,42
913,42
315,42
752,42
640,43
206,43
746,43
669,43
344,43
545,43
745,43
417,43
80,44
112,44
282,44
497,44
733,44
843,44
157,44
206,44
165,44
20,44
852,44
29,44
2,44
677,44
992,44
929,44
17,45
126,45
156,45
161,45
213,45
530,45
346,45
587,45
712,45
717,45
806,45
980,45
177,45
481,45
259,46
286,46
794,46
90,46
498,46
642,46
906,46
712,46
309,46
798,46
280,46
39,46
378,46
21,47
249,47
868,47
479,47
658,47
322,47
292,47
156,47
228,47
598,47
342,48
514,48
539,48
590,48
633,48
697,48
403,48
261,48
679,49
208,49
240,49
707,49
353,49
21,49
23,50
27,50
34,50
203,50
658,50
622,50
730,50
61,51
929,51
688,51
148,51
175,51
652,51
646,51
459,51
618,51
220,51
448,51
111,52
181,52
328,52
501,52
170,52
362,52
714,52
872,52
544,52
174,52
330,52
675,52
724,52
839,52
87,53
370,53
474,53
203,53
737,53
777,53
968,53
380,53
583,53
230,53
699,53
122,54
341,54
605,54
606,54
929,54
66,54
287,54
718,54
5,54
116,55
265,55
17,55
525,55
151,55
371,55
968,55
835,55
273,55
569,55
593,56
126,56
137,56
317,56
49,56
496,56
678,56
823,56
839,56
409,56
347,56
37,57
961,57
300,57
394,57
507,57
755,57
892,57
987,57
457,57
330,57
587,57
625,57
677,57
138,57
82,58
305,58
759,58
532,58
588,58
471,58
967,58
819,58
110,58
147,59
152,59
163,59
139,59
374,59
131,59
835,59
360,59
556,59
225,59
327,59
80,60
170,60
304,60
293,60
356,60
723,60
653,60
733,61
111,61
601,61
201,61
573,61
444,61
973,61
696,62
152,62
664,62
360,62
906,62
453,62
988,62
865,62
243,62
584,62
726,62
151,63
724,63
303,63
46,63
596,63
956,63
660,64
330,64
692,64
540,64
173,64
499,64
771,64
978,65
573,65
170,65
436,65
823,65
997,65
500,65
313,65
679,65
892,65
434,65
148,65
564,66
883,66
360,66
986,66
479,66
500,66
677,66
608,66
890,66
504,66
541,66
313,66
201,67
308,67
476,67
668,67
682,67
501,67
558,67
212,68
369,68
289,68
42,68
425,68
760,68
185,69
536,69
800,69
643,69
921,69
385,69
194,69
788,70
244,70
321,70
359,70
472,70
554,70
446,70
173,70
969,71
202,71
386,71
902,71
585,71
599,71
367,71
696,71
778,71
376,71
985,72
306,72
201,72
297,72
307,72
688,72
668,73
893,73
749,73
197,73
855,73
370,73
727,73
534,73
586,73
675,73
359,73
102,73
422,73
766,73
23,74
32,74
66,74
108,74
28,74
244,74
557,74
538,74
171,75
276,75
322,75
630,75
336,75
831,75
570,75
708,75
761,75
303,75
896,75
942,75
713,75
413,75
408,75
4,76
32,76
477,76
734,76
348,76
980,76
638,76
624,76
561,76
196,77
47,77
460,77
958,77
410,77
687,77
988,77
347,77
622,79
660,79
408,79
425,79
319,79
480,79
253,79
131,80
145,80
144,80
920,80
317,80
390,80
399,80
898,80
453,80
483,80
510,80
606,80
636,80
233,80
263,80
22,80
914,80
351,80
153,80
182,80
996,81
198,81
320,81
463,81
471,81
487,81
752,81
169,81
873,81
907,81
975,81
534,81
684,81
733,81
800,82
583,82
822,82
679,82
541,82
636,82
13,83
118,83
363,83
437,83
523,83
631,83
669,83
947,83
318,83
487,83
8,83
777,83
63,84
69,84
487,84
529,84
707,84
284,84
506,84
536,84
543,84
136,84
31,85
124,85
132,85
153,85
597,85
179,85
786,85
248,85
912,86
157,86
96,86
214,86
589,86
971,86
217,86
9,87
850,87
247,87
352,87
524,87
576,87
585,87
821,87
807,87
772,87
669,87
13,88
21,88
30,88
81,88
58,88
180,88
465,88
660,88
425,88
427,88
500,88
179,88
708,88
688,88
711,88
801,88
763,88
39,88
507,89
244,89
527,89
358,89
8,89
634,89
746,89
800,89
871,89
885,89
914,89
432,89
503,89
931,90
164,90
196,90
199,90
396,90
410,90
548,90
687,90
711,90
797,90
910,90
869,90
531,90
976,91
346,91
869,91
525,91
774,91
933,91
27,92
51,92
245,92
248,92
270,92
935,92
992,92
784,92
880,92
582,92
586,92
646,92
653,92
657,93
858,93
552,93
406,93
988,93
518,93
653,93
321,93
208,94
556,94
360,94
569,94
235,94
938,94
326,94
708,94
311,94
109,94
973,95
99,95
806,95
491,95
629,95
546,96
140,96
405,96
216,96
629,96
674,96
763,96
831,96
907,96
176,96
939,96
191,97
94,97
724,97
978,97
328,97
77,97
305,97
925,97
689,97
696,97
760,97
767,97
468,97
684,97
792,97
490,97
58,98
80,98
340,98
325,98
485,98
832,98
494,98
506,98
649,98
665,98
777,98
143,98
298,98
724,98
78,98
351,99
120,99
781,99
337,99
649,99
350,99
772,99
899,99
573,99
630,99
744,99
950,99
918,100
646,100
824,100
370,100
276,100
854,100
371,100
571,100
667,100
983,100
665,100
915,100
41,101
981,101
264,101
748,101
73,102
303,102
415,102
296,102
636,102
89,102
127,102
824,103
142,103
57,103
783,103
983,103
247,103
337,103
685,103
474,103
300,103
870,103
628,103
42,104
781,104
467,104
993,104
777,104
103,104
11,104
132,105
795,105
234,105
364,105
489,105
577,105
609,105
626,105
736,105
990,105
17,105
870,105
226,105
194,105
810,105
4,106
30,106
398,106
519,106
474,106
673,106
934,106
344,106
263,106
456,106
620,106
328,106
20,106
295,106
31,107
425,107
102,107
124,107
389,107
867,107
534,107
638,107
5,108
51,108
321,108
265,108
36,108
775,108
305,108
520,108
542,108
543,108
627,108
243,108
587,108
88,108
709,109
295,109
336,109
195,109
915,109
905,110
772,110
696,110
364,110
950,110
574,111
202,111
855,111
870,111
840,111
932,111
432,111
704,111
519,111
770,111
551,111
47,112
71,112
168,112
483,112
757,112
409,112
227,112
922,112
35,113
842,113
435,113
729,113
935,113
670,113
411,113
594,113
569,113
347,113
42,114
303,114
549,114
884,114
555,114
67,114
869,114
902,114
914,114
559,114
984,114
392,114
669,114
2,115
87,115
106,115
287,115
299,115
437,115
532,115
533,115
137,115
648,115
874,115
332,115
127,115
163,116
986,116
182,116
579,116
356,116
812,116
907,116
58,116
208,116
729,116
433,116
742,116
568,116
752,117
945,117
103,117
133,117
149,117
355,117
385,117
200,117
421,117
197,117
169,118
309,118
433,118
446,118
867,118
812,118
715,118
189,118
201,118
778,118
685,119
130,119
276,119
492,119
560,119
606,119
843,119
751,119
794,119
466,119
327,119
199,120
713,120
350,120
396,120
524,120
765,120
802,120
407,120
815,120
842,120
118,121
172,121
314,121
868,121
555,121
865,121
739,121
75,121
532,122
750,122
644,122
423,122
445,122
661,122
674,122
842,122
820,122
897,122
957,123
21,123
96,123
151,123
178,123
54,123
357,123
405,123
453,123
513,123
557,123
847,123
786,123
893,123
832,123
127,123
146,123
943,124
90,124
271,124
275,124
927,124
698,124
869,124
839,124
542,125
43,125
956,125
736,125
982,125
287,125
47,126
614,126
549,126
631,126
687,126
448,126
14,127
934,127
493,127
113,127
920,127
458,127
450,127
549,127
176,127
722,127
64,127
537,128
744,128
114,128
139,128
233,128
289,128
340,128
644,128
684,128
783,128
227,128
27,129
395,129
201,129
474,129
426,129
517,129
985,129
961,129
867,129
444,129
553,129
161,130
266,130
954,130
365,130
376,130
627,130
892,130
426,130
965,130
933,130
615,131
79,131
189,131
373,131
590,131
868,131
972,131
178,131
563,131
875,131
629,131
28,131
769,131
619,131
735,132
361,132
960,132
391,132
81,132
841,132
851,132
880,132
95,132
347,132
17,133
177,133
379,133
98,133
92,133
949,133
392,133
378,133
347,133
107,134
971,134
555,134
424,134
536,134
871,134
489,134
876,134
746,134
1,135
472,135
884,135
839,135
41,136
46,136
459,136
461,136
776,136
780,136
798,136
838,136
850,136
941,136
525,136
879,136
342,136
10,136
905,136
117,137
973,137
926,137
135,137
968,137
742,137
563,137
932,138
210,138
284,138
312,138
313,138
323,138
538,138
786,138
965,138
41,139
84,139
164,139
198,139
258,139
316,139
375,139
561,139
443,139
607,139
31,139
675,139
344,139
723,139
39,139
597,140
969,140
222,140
996,140
758,140
547,140
539,140
814,140
745,140
752,140
803,140
75,141
82,141
287,141
472,141
429,141
580,141
624,141
929,141
934,141
866,141
491,141
828,141
488,141
652,141
383,141
559,141
283,142
957,142
792,142
692,142
252,142
352,142
619,142
14,142
425,142
110,142
77,143
97,143
970,143
355,143
402,143
313,143
342,143
917,143
675,143
973,143
717,143
398,143
883,143
527,143
78,143
204,144
724,144
407,144
112,144
661,144
73,144
628,144
820,145
188,145
509,145
809,145
957,145
953,145
223,145
744,146
365,146
295,146
76,147
290,147
437,147
358,147
849,147
568,147
813,147
959,147
83,147
553,147
71,148
796,148
245,148
906,148
278,148
544,148
50,148
586,148
990,149
811,149
175,149
992,149
574,149
389,149
509,149
928,149
367,150
535,150
557,150
828,150
960,150
12,150
571,150
201,151
434,151
885,151
682,151
718,151
843,151
866,151
977,151
89,151
150,151
316,151
639,151
821,151
563,151
889,151
929,151
76,152
134,152
151,152
209,152
174,152
279,152
283,152
789,152
133,152
485,152
995,153
915,153
185,153
342,153
92,153
650,153
867,153
929,153
425,153
720,154
72,154
610,154
111,154
133,154
150,154
627,154
240,154
926,154
701,154
312,154
984,154
978,154
782,154
9,155
934,155
80,155
891,155
467,155
495,155
590,155
685,155
301,155
826,155
439,155
840,155
744,155
249,156
373,156
120,156
237,156
266,156
474,156
552,156
567,156
589,156
736,156
732,156
694,156
4,157
90,157
164,157
170,157
176,157
180,157
301,157
603,157
881,157
980,157
50,157
386,157
869,157
250,157
924,157
280,158
70,158
231,158
226,158
573,158
730,158
445,158
60,159
403,159
399,159
987,159
656,159
963,159
825,159
351,159
211,159
384,159
818,160
175,160
188,160
484,160
239,160
748,160
959,160
486,160
671,160
984,160
550,160
650,160
326,160
711,160
944,160
1,160
816,160
186,161
835,161
416,161
597,161
469,161
839,161
787,161
95,162
183,162
613,162
254,162
290,162
324,162
541,162
569,162
820,162
671,162
679,162
699,162
726,162
165,162
943,162
944,162
993,162
785,162
481,162
178,163
149,163
867,163
280,163
970,163
359,163
439,163
920,163
55,163
890,163
201,163
501,163
74,164
530,164
497,164
988,164
21,164
351,164
353,164
489,164
537,164
566,164
109,164
63,165
675,165
409,165
202,165
287,165
428,165
841,165
734,165
815,165
818,165
538,165
77,165
527,165
531,165
590,165
554,165
25,166
388,166
143,166
193,166
946,166
22,166
426,166
475,166
517,166
367,166
418,166
51,166
574,166
52,167
629,167
324,167
432,167
21,167
948,167
351,167
775,167
516,168
206,168
231,168
769,168
857,168
889,168
626,168
927,168
425,168
222,168
71,169
222,169
579,169
49,169
364,169
428,169
465,169
792,169
661,169
628,169
881,169
1,170
914,170
725,170
411,170
584,170
670,170
361,170
869,170
490,170
243,170
347,170
345,171
671,171
786,171
996,171
926,171
852,171
645,171
916,171
691,171
721,171
754,172
644,172
946,172
552,172
529,173
365,173
531,173
78,173
198,174
599,174
838,174
403,174
74,174
266,174
9,175
949,175
286,175
341,175
143,175
273,175
805,175
638,175
798,175
901,175
2,175
1,176
66,176
155,176
862,176
304,176
546,176
500,176
588,176
648,176
574,176
714,176
963,177
324,177
346,177
429,177
498,177
636,177
671,177
733,177
739,177
18,177
144,177
902,177
189,177
334,177
553,177
17,178
10,178
115,178
249,178
445,178
421,178
322,178
550,178
813,178
468,178
749,178
61,179
309,179
152,179
312,179
327,179
599,179
273,179
576,179
472,179
232,179
438,180
412,180
145,180
439,180
150,180
2,180
203,181
250,181
912,181
454,181
480,181
561,181
627,181
671,181
695,181
838,181
894,181
2,181
745,181
7,182
74,182
424,182
314,182
361,182
469,182
476,182
513,182
620,182
384,182
542,182
259,182
950,182
384,183
127,183
223,183
260,183
374,183
484,183
597,183
635,183
830,183
811,183
40,183
944,183
850,183
169,183
167,183
281,184
189,184
227,184
855,184
404,185
98,185
611,185
459,185
934,185
410,185
734,185
831,185
640,185
930,185
40,185
153,186
260,186
171,186
284,186
300,186
668,186
326,186
515,186
652,186
452,186
519,186
543,186
477,186
914,186
570,187
336,187
101,187
974,187
323,187
817,187
785,187
327,187
922,187
395,187
139,187
912,187
525,188
272,188
277,188
143,188
411,188
757,189
114,189
372,189
469,189
533,189
97,189
651,189
654,189
111,189
702,189
703,189
714,189
735,189
489,189
976,189
510,190
960,190
466,190
767,190
314,190
329,190
354,190
900,190
29,190
80,191
299,191
385,191
781,191
512,191
680,191
181,192
967,192
277,192
886,192
944,192
536,192
438,192
114,193
925,193
150,193
152,193
613,193
175,193
258,193
411,193
125,193
535,193
334,193
383,194
498,194
946,194
812,194
556,194
238,195
462,195
457,196
595,196
201,196
282,196
587,196
994,196
430,196
487,196
542,196
648,196
693,196
807,196
677,197
105,197
779,197
166,197
410,197
511,197
408,197
604,197
670,197
155,197
72,197
661,197
23,198
135,198
137,198
306,198
367,198
816,198
727,198
823,198
79,198
578,199
413,199
820,199
399,199
587,199
156,199
830,199
194,199
868,199
926,199
916,199
347,199
22,200
53,200
154,200
956,200
892,200
693,200
67,201
428,201
706,201
690,201
755,201
935,201
778,201
756,201
695,201
358,201
720,201
332,201
343,201
744,201
216,202
367,202
845,202
863,202
178,203
634,203
898,203
255,203
964,203
31,203
514,203
532,203
736,203
907,203
115,203
143,203
492,203
574,204
683,204
834,204
704,204
934,204
527,204
205,204
423,204
786,204
778,204
965,204
743,204
207,205
417,205
572,205
639,205
257,205
710,205
270,205
319,205
826,205
308,205
164,205
896,205
139,206
242,206
352,206
501,206
601,206
810,206
885,206
70,206
761,206
401,206
276,206
146,206
295,206
118,207
249,207
676,207
77,207
975,207
962,207
669,207
235,207
70,208
115,208
333,208
156,208
226,208
297,208
392,208
168,208
112,208
766,208
852,208
941,208
219,209
934,209
274,209
967,209
27,209
464,209
805,209
774,209
56,209
760,209
89,210
126,210
267,210
235,210
264,210
948,210
515,210
597,210
634,210
476,210
402,210
347,210
124,211
38,211
796,211
65,211
788,211
386,211
364,211
529,211
472,211
760,211
264,211
524,212
786,212
828,212
607,212
77,212
368,212
438,212
96,213
623,213
475,213
913,213
379,213
823,213
620,213
835,213
770,213
193,213
444,213
832,213
509,213
908,214
843,214
527,214
950,214
615,214
311,214
340,214
731,214
855,214
758,214
3,215
51,215
55,215
93,215
929,215
176,215
267,215
576,215
795,215
425,215
874,215
910,215
833,215
742,215
811,215
265,215
471,215
889,215
295,215
915,215
850,216
116,216
152,216
46,216
431,216
872,216
496,216
761,216
78,216
922,217
959,217
253,217
227,217
560,217
19,217
334,217
20,218
353,218
371,218
774,218
772,218
282,218
734,218
954,218
770,218
801,218
138,218
67,219
176,219
700,219
830,219
42,219
488,219
888,219
78,219
201,220
172,220
194,220
971,220
352,220
362,220
397,220
2,220
489,220
356,220
371,220
946,220
330,220
683,220
97,221
198,221
755,221
386,221
889,221
845,221
843,221
677,221
701,221
167,221
19,222
163,222
182,222
247,222
806,222
932,222
595,222
439,222
745,222
859,222
850,222
7,223
90,223
126,223
130,223
271,223
33,223
138,223
523,223
805,223
819,223
865,223
916,223
328,224
162,224
164,224
200,224
776,224
330,225
312,225
654,225
968,226
163,226
246,226
967,226
368,226
463,226
652,226
909,226
818,226
731,226
522,227
89,227
116,227
185,227
106,227
991,228
13,228
24,228
926,228
853,228
455,228
608,228
629,228
605,228
789,228
797,228
832,228
599,229
169,229
294,229
988,229
376,229
396,229
239,229
790,229
138,229
870,230
249,230
387,230
67,230
279,230
970,230
958,230
799,230
750,230
843,230
244,230
483,231
633,231
680,231
228,231
995,231
744,231
868,231
67,231
527,231
334,231
543,232
39,232
387,233
610,233
938,233
835,233
829,233
413,233
653,233
946,234
781,234
929,234
185,234
825,234
960,234
832,234
696,234
679,235
182,235
733,235
328,235
473,235
581,235
650,235
471,235
127,235
617,235
981,236
165,236
37,236
342,236
452,236
773,236
559,236
456,236
109,236
284,236
48,237
62,237
228,237
339,237
376,237
811,237
751,237
657,237
701,237
238,237
140,238
53,238
907,238
977,238
614,238
424,238
134,239
330,239
502,239
961,239
785,239
647,239
679,239
725,239
693,239
701,239
946,240
925,240
296,240
554,240
518,240
668,240
989,240
604,240
40,241
917,241
153,241
223,241
333,241
341,241
362,241
543,241
35,241
922,241
809,241
867,241
427,241
349,241
659,241
100,242
376,242
581,242
736,242
802,242
375,242
57,242
972,243
91,243
518,243
552,243
638,243
985,243
697,243
12,244
837,244
928,244
94,244
511,244
89,244
893,244
656,244
754,245
625,245
224,245
118,245
352,245
521,245
7,246
55,246
186,246
545,246
555,246
963,246
634,246
184,246
9,247
341,247
382,247
385,247
931,247
884,247
90,247
23,247
662,247
617,247
41,248
669,248
219,248
541,248
790,248
47,249
159,249
193,249
145,249
322,249
373,249
994,249
479,249
482,249
641,249
692,249
553,249
238,249
15,250
153,250
260,250
299,250
981,250
871,250
534,250
327,250
632,250
307,250
998,250
5,251
371,251
417,251
154,251
511,251
946,251
512,251
804,251
355,251
521,251
477,252
172,252
733,252
768,252
298,252
386,252
704,252
997,252
696,252
941,252
657,252
749,252
238,252
50,253
740,253
385,253
474,253
480,253
517,253
566,253
578,253
855,253
485,253
726,254
266,254
422,254
852,254
857,254
893,254
88,255
156,255
157,255
219,255
635,255
256,255
835,255
391,255
780,255
645,255
744,255
750,255
879,255
319,255
114,255
348,255
404,255
334,255
501,256
356,256
388,256
581,256
753,256
792,256
802,256
893,256
924,256
630,256
180,256
75,257
799,257
333,257
341,257
418,257
726,257
951,257
971,257
547,257
106,257
87,257
406,257
762,257
807,257
751,258
682,258
155,258
244,258
362,258
391,258
641,258
410,258
229,259
379,259
990,259
320,259
461,259
536,259
238,259
69,260
493,260
379,260
441,260
658,260
424,260
272,260
614,260
968,260
19,261
293,261
496,261
179,261
651,261
799,261
397,261
142,261
321,261
326,261
777,262
536,262
157,262
951,262
409,262
17,263
879,263
101,263
158,263
319,263
981,263
385,263
144,263
881,264
98,264
812,264
620,264
348,264
513,264
591,264
268,264
598,264
464,264
653,264
962,264
892,264
531,264
585,264
136,265
82,265
899,265
555,265
43,265
736,265
898,266
343,266
404,266
750,266
859,266
75,266
60,267
275,267
790,267
837,267
681,267
804,267
812,267
471,267
40,267
382,267
213,267
685,267
124,267
33,268
662,268
199,268
201,268
796,268
235,268
522,268
135,268
566,268
594,268
447,268
944,268
112,268
27,269
333,269
311,269
795,269
504,269
237,269
894,269
801,269
221,270
212,270
202,270
412,270
353,270
543,270
575,270
646,270
657,270
843,270
864,270
510,270
112,270
767,270
749,270
630,270
560,271
268,271
236,271
948,271
493,271
639,271
443,271
472,271
243,271
286,272
330,272
924,272
994,272
941,272
607,272
159,272
199,272
49,273
262,273
380,273
396,273
459,273
619,273
621,273
443,273
853,273
974,273
975,273
855,273
329,273
694,273
908,273
276,274
118,274
133,274
752,274
748,274
301,274
519,274
526,274
565,274
620,274
633,274
695,274
697,274
974,274
603,274
342,274
8,274
750,274
524,274
47,275
90,275
256,275
912,275
775,275
254,275
874,275
944,275
596,275
152,275
852,275
280,275
743,275
85,276
115,276
145,276
754,276
704,276
353,276
430,276
485,276
623,276
666,276
921,276
415,276
556,276
833,276
31,277
64,277
952,277
323,277
991,277
592,277
823,277
779,277
589,277
970,277
45,278
89,278
103,278
316,278
154,278
206,278
427,278
649,278
553,278
347,278
458,279
674,279
604,279
605,279
606,279
787,279
198,279
967,279
251,279
254,279
240,279
492,279
512,279
769,279
356,279
29,280
250,280
951,280
543,280
606,280
757,280
802,280
79,280
912,280
217,280
585,280
23,281
72,281
770,281
477,281
534,281
880,281
935,281
913,281
70,282
188,282
242,282
278,282
281,282
317,282
958,282
940,282
658,282
602,282
551,282
18,282
731,282
77,282
449,283
699,283
175,283
358,283
23,283
678,283
46,284
213,284
809,284
585,284
164,284
594,284
670,284
684,285
49,285
153,285
191,285
337,285
324,285
332,285
146,285
670,285
536,286
40,286
121,286
820,286
722,286
925,286
893,286
762,286
246,287
430,287
299,287
446,287
663,287
856,287
921,287
976,287
45,288
598,288
433,288
465,288
223,288
661,288
73,288
838,288
925,288
821,288
14,289
894,289
229,289
291,289
408,289
463,289
848,289
845,289
102,289
636,289
225,289
903,290
642,290
235,290
434,290
561,290
598,290
881,290
303,291
607,291
212,291
252,291
438,291
71,291
896,291
419,291
90,292
133,292
279,292
528,292
776,292
595,292
612,292
518,292
704,292
22,292
21,293
233,293
198,293
675,293
77,293
154,293
967,293
234,293
203,293
261,293
139,294
201,294
230,294
278,294
945,294
688,294
366,294
390,294
470,294
3,294
872,294
575,294
625,294
781,294
85,295
113,296
118,296
228,296
241,296
742,296
429,296
838,296
862,296
211,296
96,296
134,296
89,297
216,297
394,297
488,297
23,297
436,297
592,297
207,297
880,297
767,297
784,297
960,297
65,297
567,297
77,297
852,297
882,298
28,298
879,298
751,298
537,298
287,298
392,298
427,298
198,298
781,298
943,298
937,299
165,299
215,299
633,299
560,299
573,299
102,299
857,299
567,299
76,299
971,299
797,299
670,300
158,300
165,300
606,300
412,300
486,300
644,300
493,300
381,300
204,300
881,300
333,300
292,300
655,300
295,300
957,301
82,301
362,301
981,301
701,301
518,301
725,301
712,301
717,301
743,301
87,302
258,302
396,302
774,302
597,302
671,302
830,302
835,302
432,302
347,302
462,302
45,303
229,303
125,303
654,303
361,303
230,303
375,303
382,303
479,303
942,303
484,303
243,303
666,304
487,304
341,304
471,304
928,304
607,305
113,305
107,305
209,305
213,305
873,305
952,305
453,305
634,305
349,305
676,305
798,305
110,305
289,306
878,306
269,306
510,306
474,306
551,306
583,306
527,306
593,306
398,306
527,307
272,307
922,307
927,307
759,307
959,307
700,307
279,308
385,308
235,308
151,308
657,308
497,308
971,308
895,308
257,308
173,308
114,309
899,309
775,309
419,309
111,309
186,309
877,309
7,310
106,310
754,310
442,310
453,310
347,310
843,310
571,310
652,310
603,310
945,311
109,311
308,311
398,311
459,311
583,311
892,311
779,311
133,311
893,311
960,311
580,311
148,311
293,311
766,311
721,312
72,312
235,312
536,312
878,312
569,312
604,312
921,312
862,312
901,312
238,312
78,312
153,313
938,313
807,313
625,313
335,313
353,313
689,313
415,313
268,313
174,313
554,314
311,314
772,314
516,314
86,314
561,314
886,314
909,314
584,314
817,314
371,314
452,314
949,315
397,315
878,315
426,315
598,315
610,315
727,315
825,315
902,315
942,315
758,315
141,316
165,316
267,316
454,316
467,316
727,316
770,316
339,316
821,316
144,316
599,316
714,316
3,317
8,317
313,317
985,317
51,317
884,317
836,317
390,317
419,317
34,317
735,317
653,317
667,317
822,317
99,317
883,318
74,318
84,318
465,318
320,318
188,318
191,318
102,318
311,318
81,319
94,319
272,319
515,319
792,319
75,319
908,319
929,319
545,319
350,319
305,319
30,320
70,320
350,320
124,320
246,320
923,320
860,320
524,320
552,320
695,320
828,320
53,320
553,321
23,321
529,321
117,321
254,321
594,321
625,321
823,321
353,321
778,321
121,322
228,322
227,322
543,322
489,322
465,322
207,322
386,322
809,323
82,323
189,323
260,323
267,323
449,323
840,323
682,323
789,323
585,323
578,323
174,323
904,323
912,324
196,324
52,324
62,324
849,324
108,325
491,325
241,325
316,325
434,325
503,325
536,325
614,325
83,325
999,325
901,325
69,325
532,325
240,325
120,325
127,325
502,326
501,326
155,326
168,326
424,326
808,326
396,326
257,326
583,327
260,327
336,327
942,327
387,327
551,327
612,327
759,327
673,327
604,327
51,327
653,327
689,327
243,327
0,328
56,328
198,328
395,328
972,328
265,328
490,328
511,328
481,329
146,329
509,329
569,329
243,329
931,329
958,329
71,330
174,330
175,330
696,330
720,330
572,330
481,330
823,330
572,331
253,331
280,331
818,331
440,331
449,331
613,331
636,331
505,331
653,331
512,331
562,332
583,332
298,332
348,332
900,332
968,332
289,332
764,332
178,332
410,333
152,333
183,333
627,333
416,333
500,333
624,334
824,334
490,334
798,334
443,334
135,335
862,335
896,335
584,335
608,335
622,335
641,335
58,335
860,335
391,336
346,336
999,336
642,336
623,336
569,336
118,336
444,336
715,337
200,337
166,337
797,337
755,337
567,337
199,337
651,338
191,338
797,338
861,338
477,338
609,338
722,338
407,338
386,338
41,339
285,339
830,339
320,339
738,339
671,339
637,339
997,339
346,339
455,339
765,339
26,339
95,340
207,340
998,340
323,340
527,340
529,340
878,340
902,340
714,340
169,341
421,341
587,341
444,341
775,341
508,341
242,341
770,341
0,341
393,342
265,342
628,342
9,343
37,343
476,343
140,343
197,343
229,343
249,343
962,343
253,343
485,343
77,343
620,343
424,343
567,343
799,343
431,343
238,343
33,344
919,344
883,344
357,344
374,344
389,344
648,344
405,344
942,344
736,344
748,344
882,344
630,344
0,344
56,345
124,345
176,345
965,345
297,345
323,345
358,345
963,345
115,345
557,345
937,345
840,345
414,345
495,346
819,346
592,346
209,346
925,346
678,346
779,347
2,347
319,348
64,348
94,348
705,348
626,348
883,348
811,348
881,348
917,348
185,349
387,349
439,349
625,349
649,349
287,349
981,349
890,349
996,349
954,349
926,349
52,350
923,350
208,350
474,350
554,350
667,350
723,350
787,350
813,350
873,350
769,350
529,350
876,351
256,351
622,351
129,351
592,351
22,351
350,351
731,351
491,351
120,352
458,352
148,352
846,352
450,352
952,352
847,352
598,352
117,353
116,353
254,353
690,353
80,353
240,353
432,353
280,353
19,353
742,353
939,354
710,354
390,354
604,354
439,354
656,354
222,354
4,355
765,355
143,355
720,355
331,355
504,355
193,355
899,355
653,355
130,355
945,355
707,355
256,355
339,355
553,355
169,356
100,356
119,356
137,356
989,356
425,356
470,356
562,356
490,356
231,357
30,357
389,357
318,357
275,357
459,357
578,357
663,357
516,357
666,358
105,358
283,358
834,358
500,358
129,358
85,358
433,358
329,358
628,358
295,358
463,359
155,359
625,359
307,359
249,359
4,360
988,360
28,360
230,360
128,360
510,360
932,360
806,360
634,360
723,360
774,360
31,361
555,361
500,361
166,361
331,361
756,361
450,361
691,361
379,361
26,361
48,362
99,362
138,362
171,362
223,362
339,362
377,362
0,362
597,362
671,362
990,362
765,362
79,362
487,362
548,362
694,362
43,363
119,363
244,363
268,363
269,363
809,363
791,363
764,363
977,363
138,363
852,363
398,363
962,364
12,364
900,364
840,364
898,364
92,364
281,364
426,364
992,364
462,364
388,365
880,365
688,365
585,365
282,365
41,366
793,366
575,366
909,366
779,366
475,366
562,366
702,366
799,366
878,366
22,366
611,366
104,366
237,366
643,366
792,366
983,367
240,367
244,367
166,367
913,367
892,367
535,367
771,367
799,368
878,368
164,368
95,368
364,368
0,369
223,369
37,369
331,369
18,369
741,369
654,369
15,369
558,369
521,369
58,370
31,370
255,370
820,370
874,370
799,370
906,370
851,370
72,371
85,371
585,371
407,371
525,371
679,371
332,371
412,371
507,372
91,372
320,372
446,372
923,372
845,372
218,372
422,372
71,372
51,373
967,373
758,373
508,373
170,373
190,373
219,373
972,373
319,373
345,373
897,373
739,374
996,374
284,374
847,374
539,374
596,374
695,374
227,374
634,375
959,375
301,375
221,375
413,375
506,375
534,375
914,375
746,375
763,375
813,375
894,375
63,375
558,375
882,376
650,376
593,376
262,376
533,376
624,376
627,376
633,376
891,376
851,376
173,376
504,377
350,377
977,377
375,377
505,377
637,377
654,377
593,377
440,377
226,377
849,377
232,378
622,379
168,379
229,379
344,379
965,379
488,379
686,379
696,379
848,379
299,379
94,380
997,380
301,380
463,380
499,380
990,380
560,380
570,380
782,380
512,380
957,380
569,380
692,380
224,380
747,380
915,380
21,381
471,381
493,381
814,381
891,381
243,381
901,381
917,381
986,381
937,381
421,381
593,381
766,381
69,382
250,382
405,382
547,382
834,382
631,382
737,382
873,382
119,382
675,382
295,382
481,383
15,383
335,383
823,383
505,383
754,383
704,383
954,383
832,383
295,383
500,383
19,384
111,384
522,384
217,384
391,384
447,384
460,384
575,384
613,384
735,384
779,384
81,385
756,385
261,385
343,385
914,385
97,385
246,385
135,385
67,385
209,385
821,385
237,385
334,385
54,386
81,386
94,386
677,386
201,386
245,386
944,386
343,386
355,386
402,386
413,386
182,387
269,387
290,387
292,387
849,387
309,387
332,387
546,387
466,387
421,387
330,387
41,387
553,387
958,387
978,387
169,387
861,387
669,387
499,387
163,388
589,388
637,388
627,388
591,388
690,388
18,389
616,389
912,389
203,389
561,389
353,389
427,389
455,389
514,389
540,389
972,389
560,389
866,389
293,390
913,390
83,390
399,390
952,390
576,390
980,390
782,390
804,391
237,391
85,392
354,392
367,392
143,392
245,392
602,392
611,392
837,392
878,392
969,392
57,392
1,393
47,393
186,393
258,393
276,393
372,393
740,393
404,393
824,393
533,393
955,393
866,393
943,393
286,393
451,393
960,393
257,393
159,393
496,394
790,394
50,394
206,394
152,394
291,394
399,394
931,394
454,394
407,394
702,394
809,394
749,394
953,395
121,395
935,395
302,395
148,395
450,395
577,395
666,395
686,395
538,395
379,395
127,395
495,396
165,396
714,396
247,396
374,396
525,396
532,396
908,396
630,396
97,397
101,397
593,397
114,397
132,397
251,397
464,397
253,397
785,397
538,398
845,398
661,398
190,398
676,398
328,398
876,398
378,398
479,398
897,398
521,398
7,399
264,399
401,399
381,399
539,399
71,399
538,399
81,399
10,400
928,400
764,400
600,400
817,400
861,400
879,400
562,400
668,400
543,400
682,400
132,401
874,401
693,401
387,401
484,401
490,401
974,401
609,401
898,401
857,401
849,401
198,401
44,402
754,402
980,402
202,402
223,402
320,403
881,403
451,403
428,403
853,403
48,403
820,403
842,403
773,403
593,403
207,403
138,404
44,404
24,404
174,404
507,404
831,404
791,404
215,405
239,405
262,405
570,405
667,405
463,405
824,405
100,405
760,405
523,405
229,405
371,406
242,406
540,406
524,406
705,406
696,407
426,407
397,407
270,407
668,407
792,407
799,408
275,408
309,408
352,408
914,408
924,408
150,408
211,408
744,409
635,409
215,409
355,409
219,409
27,409
856,409
133,410
354,410
189,410
129,410
387,410
886,410
305,410
777,411
804,411
481,411
695,411
360,411
678,411
449,412
116,412
666,412
522,412
249,412
284,412
350,412
396,412
223,412
77,412
632,412
966,412
51,413
779,413
175,413
2,413
922,413
510,413
793,413
618,413
104,414
307,414
186,414
227,414
127,414
284,414
289,414
306,414
356,414
517,414
483,414
602,414
954,414
799,414
413,414
78,414
142,415
174,415
221,415
859,415
615,415
957,415
848,415
186,415
755,415
896,415
515,415
344,416
387,416
487,416
518,416
421,416
665,416
828,416
856,416
875,416
919,416
923,416
204,416
20,416
417,416
868,416
347,416
217,417
927,417
692,417
818,417
983,417
895,417
531,417
14,418
167,418
197,418
698,418
913,419
880,419
383,419
591,419
619,419
837,419
154,419
925,419
995,419
502,419
693,419
735,419
869,419
525,419
332,419
35,420
93,420
175,420
995,420
341,420
618,420
572,420
794,420
926,420
311,420
307,420
112,420
354,420
901,420
40,421
926,421
845,421
386,421
648,421
143,422
219,422
999,422
735,422
636,422
637,422
700,422
912,422
803,422
311,422
848,422
571,422
672,422
85,423
641,423
406,423
940,423
334,423
275,424
234,424
848,424
753,424
802,424
333,424
460,424
644,424
749,424
20,425
244,425
699,425
987,425
504,425
588,425
596,425
114,426
327,426
644,426
408,426
423,426
460,426
513,426
640,426
287,426
745,426
556,426
622,427
390,427
619,427
486,427
910,427
27,427
79,427
20,427
138,427
146,427
56,427
933,427
0,428
29,428
658,428
990,428
699,428
182,428
761,428
361,428
543,428
192,428
135,428
172,428
730,429
921,429
79,429
181,429
434,429
662,429
812,429
489,429
523,429
648,429
536,429
914,429
892,429
962,430
181,430
93,430
289,430
322,430
420,430
785,430
35,431
61,431
64,431
753,431
752,431
635,431
76,431
456,431
709,431
21,432
938,432
903,432
230,432
820,432
998,432
778,432
604,432
548,432
296,432
193,432
67,433
284,433
891,433
447,433
548,433
101,433
532,433
717,433
777,433
832,433
283,433
115,434
162,434
249,434
269,434
273,434
323,434
619,434
810,434
381,434
751,434
775,434
11,434
33,435
249,435
79,435
638,435
998,435
377,435
19,435
164,436
170,436
259,436
510,436
572,436
580,436
639,436
917,436
766,436
100,436
290,436
757,436
742,436
921,437
48,437
163,437
156,437
299,437
287,437
12,437
502,437
523,437
108,437
767,437
900,437
749,438
912,438
61,438
733,438
923,438
911,438
514,438
634,438
631,438
676,438
743,438
729,439
621,439
350,439
608,439
524,439
552,439
971,439
707,439
38,439
871,439
142,439
396,440
978,440
395,440
703,440
168,440
575,440
202,440
628,440
72,441
84,441
162,441
205,441
765,441
256,441
360,441
428,441
523,441
539,441
495,441
638,441
729,441
358,441
357,441
123,441
222,441
915,441
974,442
69,442
308,442
432,442
503,442
496,442
874,442
927,442
612,442
629,442
986,443
42,443
258,443
989,443
779,443
298,443
307,443
57,443
132,443
131,444
180,444
543,444
353,444
799,444
300,444
908,444
924,444
490,444
389,444
846,444
466,444
558,444
883,445
993,445
285,445
849,445
217,445
684,445
807,445
421,445
191,445
108,446
298,446
775,446
283,446
368,446
506,446
416,446
458,446
496,446
383,446
706,446
772,446
192,446
928,446
290,446
99,446
855,446
984,446
981,446
606,447
220,447
600,447
282,447
678,447
962,447
529,447
78,447
961,448
382,448
535,448
661,448
468,448
10,448
141,448
897,448
839,448
933,448
976,449
993,449
588,449
333,449
937,449
451,449
935,449
243,449
578,449
308,449
185,449
933,449
44,450
214,450
711,450
689,450
535,450
964,450
845,450
42,451
95,451
119,451
191,451
273,451
956,451
996,451
929,451
427,451
532,451
881,451
711,451
537,451
766,451
809,452
95,452
124,452
948,452
147,452
181,452
223,452
444,452
663,452
539,452
558,452
961,453
157,453
165,453
337,453
303,453
372,453
813,453
859,453
539,453
802,453
105,454
106,454
819,454
323,454
389,454
687,454
976,454
740,454
192,454
667,454
232,454
74,455
140,455
350,455
627,455
452,455
302,455
822,455
475,455
255,455
4,456
449,456
46,456
105,456
202,456
342,456
488,456
141,456
610,456
856,456
657,456
10,457
13,457
264,457
415,457
430,457
433,457
926,457
991,457
301,457
609,457
658,457
263,457
317,457
826,457
184,458
282,458
489,458
529,458
395,458
666,458
730,458
706,458
761,458
208,459
218,459
395,459
753,459
486,459
951,459
842,459
903,459
398,459
202,459
282,459
462,459
519,460
733,460
723,460
211,460
266,460
142,460
55,461
766,461
170,461
209,461
893,461
585,461
795,461
833,461
942,461
463,461
964,462
68,462
566,462
68,463
922,463
432,463
435,463
983,463
391,463
711,463
732,463
904,463
659,463
496,463
173,463
435,464
750,464
663,464
279,464
338,464
262,464
683,464
589,464
64,464
988,465
192,465
539,465
722,465
374,465
707,465
432,465
271,465
102,465
815,465
934,465
187,465
202,465
704,466
172,466
426,466
578,466
663,466
112,466
837,466
592,466
905,466
383,466
873,466
80,466
401,466
53,467
246,467
409,467
660,467
539,467
954,467
255,467
640,467
319,467
923,467
490,467
195,467
841,468
760,468
220,468
765,468
281,468
310,468
720,468
958,468
683,468
740,469
264,469
262,469
511,469
516,469
668,469
639,469
40,469
356,469
890,469
122,469
914,469
491,469
747,470
157,470
946,470
262,470
390,470
995,470
755,470
521,470
218,471
203,471
863,471
724,471
485,471
597,471
607,471
905,471
707,471
722,472
63,472
290,472
864,472
464,472
366,472
45,473
762,473
81,473
106,473
113,473
162,473
169,473
192,473
567,473
838,473
998,473
627,473
645,473
368,473
364,473
506,473
864,474
724,474
128,474
677,474
527,474
582,474
117,474
881,474
271,474
173,474
704,475
294,475
72,475
844,475
341,476
954,476
323,476
224,476
472,476
735,476
603,476
960,476
275,476
678,476
809,476
77,477
419,477
702,477
661,477
712,477
837,477
20,477
23,477
983,477
994,477
40,477
628,477
764,478
89,478
8,478
326,478
425,478
487,478
533,478
612,478
798,478
807,478
941,478
791,478
718,478
635,478
178,478
382,478
36,479
96,479
618,479
532,479
11,479
795,479
4,479
898,479
508,479
496,479
68,480
742,480
631,480
750,480
760,480
14,480
235,481
969,481
306,481
285,481
742,481
347,481
0,482
635,482
131,482
193,482
216,482
926,482
770,482
605,482
361,482
187,482
173,482
100,483
611,483
752,483
90,483
162,483
101,484
982,484
253,484
629,484
674,484
700,484
754,484
96,484
969,484
486,484
632,484
414,484
392,484
959,485
920,485
846,485
694,485
884,485
524,485
545,485
852,485
157,486
258,486
301,486
365,486
178,486
442,486
650,486
772,486
182,486
681,486
775,486
793,486
800,486
956,486
873,486
737,486
545,486
818,486
113,486
925,486
841,487
267,487
299,487
851,487
413,487
425,487
441,487
519,487
665,487
636,487
898,487
777,487
264,487
159,487
315,487
222,487
14,488
291,488
364,488
447,488
483,488
895,488
802,488
993,488
474,488
649,488
122,489
578,489
49,489
501,489
591,489
837,489
770,489
610,490
589,490
322,490
519,490
841,490
701,490
608,490
543,490
585,490
449,491
184,491
998,491
144,491
692,491
650,491
545,491
42,492
52,492
101,492
413,492
508,492
557,492
35,492
608,492
207,492
385,492
483,492
713,492
226,493
217,493
156,493
241,493
249,493
266,493
374,493
450,493
654,493
821,493
859,493
944,493
996,493
644,493
141,493
685,493
193,493
919,494
230,494
392,494
35,494
638,494
878,494
855,494
222,494
56,494
558,494
140,495
853,495
600,495
622,495
896,495
431,495
862,496
834,496
747,496
355,496
153,496
647,496
128,496
866,496
685,496
694,496
300,497
323,497
373,497
812,497
523,497
744,497
557,497
838,497
21,498
53,498
85,498
335,498
276,498
343,498
420,498
593,498
978,498
726,498
771,498
775,498
436,498
929,498
585,498
104,499
280,499
886,499
345,499
53,499
498,499
273,499
367,499
733,499
703,499
620,499
870,499
386,500
404,500
437,500
795,500
618,500
967,500
974,500
6,500
357,500
235,500
190,500
970,500
262,500
277,500
682,501
939,501
207,501
215,501
254,501
981,501
502,501
547,501
616,501
946,501
17,501
4,502
801,502
255,502
259,502
910,502
633,502
595,502
718,502
889,502
568,502
406,502
877,502
350,503
101,503
331,503
171,503
186,503
237,503
323,503
429,503
141,503
953,503
8,504
157,504
161,504
417,504
209,504
982,504
860,504
640,504
172,504
704,504
89,505
50,505
504,505
205,505
95,505
672,505
5,506
613,506
74,506
682,506
237,506
605,506
629,506
822,506
632,506
926,506
88,506
243,506
245,506
801,507
468,507
492,507
544,507
858,507
708,507
868,507
989,507
469,507
257,507
129,508
239,508
399,508
62,508
893,508
737,508
910,508
498,508
89,508
733,508
746,508
187,508
731,508
30,509
80,509
310,509
286,509
245,509
254,509
277,509
303,509
305,509
373,509
410,509
482,509
87,509
755,509
2,509
531,509
210,510
273,510
173,510
280,510
815,510
287,510
845,510
279,511
512,511
285,511
833,511
291,511
900,511
905,511
997,511
695,511
656,511
890,511
484,511
933,511
78,511
356,512
893,512
172,512
323,512
947,512
532,512
368,512
530,512
768,512
818,512
863,512
882,512
992,512
781,512
709,512
13,513
157,513
980,513
440,513
830,513
546,513
581,513
929,513
212,513
871,514
907,514
223,514
430,514
453,514
479,514
502,514
183,514
951,514
632,514
474,515
138,515
170,515
724,515
673,515
200,516
189,516
743,516
990,517
9,517
949,517
578,517
446,517
673,517
870,517
477,517
947,517
668,517
44,518
806,518
154,518
322,518
448,518
668,518
693,518
41,518
730,518
19,519
747,519
237,519
256,519
322,519
451,519
493,519
18,520
30,520
971,520
827,520
916,520
53,520
623,520
742,520
814,520
820,520
826,520
898,520
472,520
620,520
291,520
406,520
462,521
47,522
79,522
94,522
172,522
326,522
388,522
440,522
467,522
479,522
533,522
595,522
611,522
19,522
685,522
359,522
912,522
998,522
423,522
231,522
717,522
618,522
624,522
370,523
499,523
631,523
224,523
979,523
98,523
122,524
33,524
249,524
267,524
895,524
319,524
498,524
948,524
894,525
878,525
221,525
969,525
323,525
834,525
36,526
116,526
126,526
177,526
183,526
439,526
916,526
629,526
937,526
414,526
925,526
863,526
164,527
187,527
563,527
97,527
75,527
598,527
850,527
220,527
110,527
63,527
315,528
206,528
480,528
543,528
855,528
947,528
772,528
827,528
847,528
407,528
247,528
313,528
762,528
148,529
179,529
224,529
407,529
788,529
578,529
904,529
897,529
126,530
604,530
0,530
406,531
694,531
130,532
226,532
292,532
808,532
271,532
932,532
391,532
825,532
33,532
933,532
847,533
131,533
255,533
306,533
472,533
316,533
424,533
303,533
509,533
542,533
698,533
822,533
845,533
125,533
635,533
675,533
46,533
745,533
860,533
662,533
368,534
167,534
172,534
249,534
307,534
331,534
470,534
733,534
352,534
80,534
876,534
146,534
209,535
211,535
430,535
94,535
417,535
598,535
608,535
768,535
528,535
221,535
724,535
167,535
760,535
425,535
490,535
146,535
39,535
20,536
738,536
257,536
757,536
550,536
236,536
123,536
749,536
114,537
281,537
663,537
348,537
561,537
193,538
747,538
476,538
740,539
812,539
90,539
972,539
420,539
196,539
249,539
571,539
43,540
449,540
504,540
99,540
741,540
529,540
592,540
915,540
99,541
785,541
321,541
493,541
551,541
736,541
815,541
917,541
881,541
15,542
183,542
137,542
287,542
358,542
427,542
478,542
645,542
69,542
994,542
934,542
127,542
274,543
275,543
308,543
417,543
124,543
307,543
448,543
243,543
658,543
698,543
912,543
921,543
941,543
986,543
104,543
329,543
127,543
311,544
22,544
247,544
778,544
584,544
902,544
55,544
621,545
23,545
812,545
423,545
696,545
303,545
630,545
953,546
141,546
820,546
133,547
301,547
440,547
918,547
484,547
660,547
698,547
986,547
108,547
745,547
324,547
34,547
950,547
167,548
201,548
835,548
379,548
663,548
434,548
395,548
254,549
310,549
676,549
684,549
626,550
107,550
874,550
168,550
803,550
751,550
620,550
219,550
485,550
752,550
101,551
937,551
202,551
296,551
840,551
525,551
646,551
675,551
114,551
710,551
712,552
96,552
149,552
175,552
981,552
499,552
113,552
774,552
898,552
821,552
207,552
609,553
232,553
295,553
790,554
211,554
238,554
244,554
817,554
226,554
210,554
576,554
656,554
712,554
169,554
944,554
105,555
304,555
833,555
811,555
761,555
219,555
263,555
72,555
626,555
531,556
176,556
280,556
521,556
315,557
682,557
841,557
833,557
376,557
288,557
417,557
195,557
568,558
334,558
237,558
664,559
267,559
201,559
882,559
759,559
769,559
971,559
581,559
52,560
121,560
246,560
962,560
574,560
45,560
629,560
712,560
795,560
859,560
974,560
518,560
190,560
277,560
255,561
533,561
516,561
745,561
609,561
811,561
819,561
856,561
879,561
880,561
980,561
308,561
955,561
553,561
79,562
491,562
154,562
926,562
265,562
269,562
291,562
863,562
352,562
517,562
611,562
568,562
323,563
95,563
796,563
803,563
221,563
269,563
492,563
510,563
629,563
715,563
980,563
951,563
925,563
228,563
166,564
824,564
204,564
768,564
281,564
531,564
340,564
549,564
618,564
217,564
622,564
748,564
932,564
703,564
7,565
463,565
21,565
149,565
181,565
826,565
257,565
494,565
528,565
294,565
28,565
730,565
136,565
973,566
204,566
569,566
397,566
502,566
523,566
708,566
736,566
770,566
786,566
448,566
594,566
642,566
651,567
42,567
880,567
703,567
451,567
554,567
635,567
701,567
303,567
14,567
647,568
365,568
268,568
981,568
132,568
651,568
131,569
793,569
342,569
898,569
584,569
346,569
965,569
807,569
15,569
350,569
18,569
56,569
91,569
39,569
480,570
62,570
937,570
968,570
772,570
563,570
816,570
26,570
748,571
160,571
533,571
999,571
284,571
293,571
376,571
624,571
639,571
148,571
922,571
102,572
231,572
383,572
863,572
649,572
679,572
456,572
744,572
548,573
580,573
900,573
387,573
477,573
903,573
984,573
704,573
619,573
678,573
19,574
50,574
673,574
256,574
544,574
711,574
50,575
212,575
166,575
879,575
574,575
600,575
604,575
178,575
892,575
930,575
65,575
100,575
195,575
553,575
122,576
37,576
304,576
919,576
980,576
764,576
657,576
306,576
767,576
555,576
60,577
707,577
158,577
176,577
212,577
297,577
317,577
458,577
526,577
534,577
538,577
689,577
848,577
680,577
840,578
170,578
745,578
292,578
209,578
419,578
525,578
227,578
653,578
244,578
615,578
12,579
25,579
44,579
201,579
225,579
237,579
735,579
381,579
508,579
681,579
777,579
815,579
859,579
856,579
607,580
421,580
227,580
398,580
961,580
392,580
636,580
533,580
676,580
710,580
89,580
23,580
43,581
35,581
885,581
384,581
548,581
622,581
472,581
677,582
98,582
252,582
274,582
994,582
314,582
762,582
793,582
656,582
872,583
150,583
641,583
986,583
864,583
704,583
669,583
709,583
40,584
681,584
716,584
75,584
542,584
756,584
679,584
380,584
550,584
386,584
500,584
96,584
497,584
49,584
13,585
635,585
656,585
699,585
145,585
744,585
662,585
15,586
233,586
267,586
103,586
406,586
661,586
788,586
734,586
515,586
541,586
26,586
225,586
822,586
345,587
954,587
461,587
500,587
513,587
606,587
700,587
725,587
886,587
864,587
30,587
372,587
99,587
303,587
493,587
195,587
18,588
86,588
191,588
858,588
590,588
845,588
440,588
469,588
290,588
56,588
936,588
297,589
89,589
605,589
610,589
230,589
316,589
708,589
154,589
192,589
710,589
173,589
191,590
15,590
471,590
215,590
219,590
239,590
298,590
312,590
833,590
967,590
365,590
450,590
5,590
810,591
297,591
350,591
402,591
696,591
939,591
162,591
683,591
74,591
89,591
737,591
329,591
32,592
99,592
804,592
364,592
994,592
785,592
28,592
658,593
355,593
619,593
578,593
395,593
981,594
969,594
417,594
60,594
437,594
461,594
534,594
558,594
29,595
35,595
849,595
84,595
911,595
181,595
376,595
387,595
486,595
861,595
906,595
729,595
359,595
389,595
665,596
70,596
81,596
122,596
135,596
326,596
51,596
682,596
717,596
776,596
116,597
627,597
157,597
260,597
291,597
405,597
483,597
507,597
955,597
5,597
25,597
7,598
283,598
777,598
589,598
267,598
792,598
628,598
530,599
663,599
194,599
365,599
734,599
512,599
148,599
801,599
447,599
308,600
491,600
623,600
478,600
778,600
843,600
825,600
772,600
41,600
51,601
315,601
358,601
381,601
543,601
690,601
735,601
793,601
209,601
571,601
378,601
268,602
278,602
188,602
973,602
537,602
743,602
27,603
298,603
163,603
247,603
249,603
668,603
956,603
880,603
281,603
660,603
592,603
481,603
572,603
876,603
138,604
823,604
538,604
867,604
399,604
411,604
525,604
762,604
824,605
908,605
631,605
595,605
210,605
857,605
674,606
824,606
131,606
266,606
204,606
315,606
629,606
23,606
923,606
592,606
64,607
185,607
962,607
843,607
387,607
269,607
771,607
112,607
5,608
120,608
249,608
275,608
514,608
442,608
801,608
819,608
836,608
841,608
46,608
910,608
495,608
690,608
514,609
70,609
883,609
381,609
374,609
428,609
721,609
715,609
256,609
517,609
232,609
104,610
955,610
181,610
387,610
600,610
816,610
802,610
930,610
33,611
35,611
41,611
137,611
175,611
880,611
178,611
646,611
456,611
40,612
125,612
270,612
284,612
979,612
353,612
967,612
870,612
901,612
426,612
740,612
390,612
151,613
203,613
427,613
354,613
358,613
482,613
650,613
721,613
930,613
953,613
947,613
508,613
960,613
928,613
309,613
617,613
144,614
192,614
198,614
210,614
962,614
646,614
820,614
968,614
375,614
17,615
95,615
48,615
144,615
676,615
200,615
248,615
293,615
962,615
970,615
554,615
945,615
544,615
866,615
695,615
55,616
118,616
323,616
287,616
411,616
442,616
503,616
838,616
69,616
58,616
460,616
545,616
841,616
762,616
122,616
628,617
238,617
888,618
479,618
140,618
823,618
761,618
825,618
869,618
328,618
3,618
397,618
462,618
101,619
466,619
220,619
406,619
471,619
516,619
573,619
888,619
652,619
679,619
931,619
817,619
721,619
988,620
447,620
280,620
450,620
647,620
813,620
224,620
159,620
107,621
673,621
216,621
360,621
380,621
385,621
986,621
250,621
222,621
910,621
553,621
947,622
938,622
481,622
582,622
528,622
803,622
760,622
997,622
865,622
892,622
233,622
138,622
195,622
238,622
284,623
296,623
322,623
331,623
358,623
534,623
543,623
955,623
785,623
825,623
721,623
513,623
495,623
301,623
313,623
557,624
893,624
461,624
445,624
949,624
631,624
378,624
61,625
118,625
144,625
887,625
400,625
843,625
655,625
976,625
761,626
206,626
931,626
464,626
994,626
479,626
593,626
739,626
429,626
161,627
901,627
516,627
445,627
478,627
499,627
730,627
900,628
668,628
285,628
605,628
394,629
76,629
438,629
965,629
849,629
612,629
649,629
686,629
963,629
120,629
742,630
832,630
837,631
209,631
981,631
826,631
514,631
979,632
369,632
639,632
95,632
256,632
248,632
26,632
63,633
105,633
858,633
76,633
320,633
348,633
402,633
909,633
923,633
685,633
90,633
654,633
38,633
635,634
473,634
682,634
777,634
786,634
865,634
903,634
558,634
347,634
585,635
639,635
977,635
708,635
350,635
811,635
779,635
376,636
623,636
321,636
665,636
679,636
193,636
912,636
926,636
80,637
86,637
114,637
594,637
458,637
970,637
498,637
667,637
572,637
490,637
616,637
484,637
59,638
121,638
192,638
864,638
632,638
733,638
698,638
987,638
932,638
918,638
797,638
67,638
85,638
69,639
827,639
266,639
472,639
937,639
736,639
74,639
102,639
630,639
93,640
208,640
269,640
338,640
351,640
619,640
939,640
622,640
651,640
508,640
995,640
102,640
26,640
204,641
240,641
980,641
400,641
468,641
965,641
574,641
600,641
767,641
611,641
625,641
829,641
511,641
576,641
158,642
560,642
453,642
335,642
567,642
593,642
927,642
646,642
969,642
738,642
777,642
820,642
718,642
773,642
921,642
695,642
450,642
79,642
422,643
552,643
968,643
921,643
278,643
344,643
861,643
43,643
600,643
881,643
782,643
400,644
747,644
2,644
647,644
808,644
413,644
343,644
683,644
328,644
787,645
304,645
163,645
485,645
777,645
185,645
958,646
806,646
496,646
598,646
475,646
124,646
309,646
72,646
544,646
895,646
232,646
976,646
519,647
101,647
289,647
294,647
332,647
905,647
598,647
619,647
782,647
770,647
184,647
907,648
717,648
98,648
926,648
196,648
191,648
342,648
526,648
547,648
564,648
805,648
870,649
262,649
972,649
326,649
350,649
455,649
506,649
819,649
908,649
661,649
667,649
20,649
553,649
88,650
238,650
302,650
432,650
804,650
58,650
843,650
853,650
754,650
849,650
693,650
323,650
975,650
214,650
456,650
298,650
845,650
823,651
87,651
148,651
876,651
354,651
706,651
573,651
269,651
808,651
854,651
890,651
409,651
877,651
169,652
564,652
288,652
64,652
837,652
119,652
253,652
539,652
489,652
627,652
962,652
14,653
939,653
874,653
541,653
537,653
603,653
219,653
746,653
835,653
925,653
993,653
301,654
373,654
641,654
492,654
939,654
95,654
444,654
803,654
832,655
762,655
132,656
263,656
309,656
595,656
951,656
731,656
288,657
277,657
753,657
909,657
349,657
996,657
681,657
970,657
890,657
952,657
329,657
56,657
185,658
920,658
801,658
257,658
398,658
798,658
877,658
338,659
369,659
213,659
721,659
825,659
818,659
730,659
619,659
517,659
67,659
189,659
6,660
349,660
373,660
385,660
860,660
427,660
167,660
822,660
682,660
832,660
86,661
52,661
215,661
459,661
555,661
947,661
838,661
854,661
201,661
129,661
422,661
921,661
238,661
963,662
69,662
922,662
741,662
285,662
635,662
326,662
390,662
440,662
585,662
537,663
258,663
19,663
212,663
775,663
406,663
416,663
545,663
191,663
625,663
109,663
39,663
875,664
738,664
102,664
895,664
896,664
457,664
461,664
941,664
5,664
638,664
962,664
549,664
818,664
565,664
42,665
183,665
177,665
456,665
548,665
875,665
55,666
68,666
392,666
179,666
227,666
340,666
350,666
294,666
484,666
554,666
932,666
993,666
333,666
65,666
328,666
948,667
155,667
419,667
310,667
421,667
451,667
292,667
590,667
364,667
750,667
761,667
831,667
848,667
997,667
691,667
942,667
112,667
915,667
678,668
292,668
691,668
483,668
755,668
663,668
702,669
191,669
221,669
242,669
84,669
458,669
985,669
654,669
670,669
686,669
237,670
720,670
56,670
464,670
910,670
432,670
367,670
766,670
906,670
666,670
656,670
867,670
178,671
782,671
650,671
653,671
832,671
699,671
611,671
117,672
869,672
317,672
704,672
532,672
963,672
838,672
682,672
147,672
3,672
225,672
890,672
844,672
91,673
964,673
887,673
354,673
383,673
529,673
647,673
791,673
278,674
571,674
620,674
636,674
657,674
671,674
875,674
440,674
349,674
771,675
843,675
939,675
368,675
474,675
398,675
496,675
319,675
693,675
334,675
67,676
754,676
756,676
992,676
869,676
586,676
579,676
576,676
863,676
135,676
535,676
347,676
601,677
804,677
989,677
19,677
741,678
948,678
218,678
343,678
346,678
273,678
749,678
913,678
24,679
104,679
376,679
520,679
560,679
659,679
949,679
729,679
388,679
845,679
931,679
944,679
300,679
503,679
243,679
915,679
261,679
136,680
198,680
159,680
181,680
543,680
701,680
695,680
748,680
833,680
957,680
466,680
60,680
844,680
837,681
198,681
953,681
366,681
401,681
463,681
830,681
914,681
161,681
57,682
263,682
265,682
326,682
339,682
499,682
624,682
561,682
712,682
213,682
782,682
788,682
867,682
943,682
158,682
323,682
291,682
976,682
549,682
889,682
10,683
41,683
408,683
544,683
592,683
983,683
139,683
217,683
843,683
15,684
143,684
244,684
436,684
862,684
958,684
720,684
0,685
83,685
216,685
942,685
363,685
382,685
471,685
723,685
810,685
817,685
31,685
422,685
920,685
901,685
903,685
187,685
426,685
495,686
305,686
410,686
467,686
92,686
589,686
564,686
582,686
559,686
97,686
590,686
905,687
830,687
831,687
442,687
484,687
536,687
784,687
733,687
61,688
979,688
722,688
309,688
830,688
505,688
731,688
457,688
347,688
66,689
137,689
143,689
368,689
373,689
249,689
398,689
408,689
545,689
829,689
217,689
211,689
464,689
852,689
893,689
220,689
102,690
99,690
264,690
469,690
619,690
316,690
86,691
18,691
949,691
875,691
417,691
529,692
277,692
352,692
408,692
540,692
854,692
132,693
546,693
230,693
804,693
773,693
374,693
531,694
18,695
912,695
172,695
202,695
223,695
262,695
284,695
569,695
935,695
681,695
783,695
600,695
200,695
73,695
594,695
959,695
727,696
879,696
107,696
219,696
345,696
398,696
57,697
644,697
358,697
928,697
502,697
946,697
691,697
659,697
939,698
198,698
113,698
903,698
236,698
273,698
610,698
613,698
616,698
672,698
974,698
930,698
783,698
920,698
149,698
821,699
738,699
225,699
819,699
667,699
326,699
372,699
307,699
471,699
123,699
466,699
631,700
199,700
994,700
262,700
424,700
497,700
804,700
313,700
515,700
102,700
521,700
43,701
118,701
258,701
331,701
486,701
920,701
560,701
696,701
522,701
515,702
658,702
200,702
753,702
345,702
26,702
91,703
909,703
363,703
815,703
951,703
860,703
106,703
964,703
202,703
962,703
767,703
762,703
656,703
488,704
72,704
79,704
321,704
494,704
683,704
720,704
589,704
839,704
639,704
75,705
158,705
472,705
733,705
594,705
256,706
780,706
127,706
568,706
13,707
910,707
470,707
648,707
317,707
448,707
694,707
54,708
259,708
223,708
538,708
454,708
626,708
758,708
963,708
560,708
490,708
423,708
63,708
717,708
584,708
630,708
392,708
743,708
105,709
34,709
630,709
724,709
28,709
354,709
446,709
403,709
654,709
241,709
839,709
830,710
938,710
92,710
668,710
466,710
294,710
537,710
412,710
464,711
84,711
130,711
806,711
359,711
375,711
387,711
901,711
664,711
767,711
152,711
313,711
749,712
32,712
48,712
914,712
213,712
822,712
902,712
605,712
41,712
731,712
346,713
372,713
425,713
820,713
502,713
201,713
588,713
849,713
875,713
986,713
516,713
840,713
785,713
950,713
34,714
113,714
311,714
208,714
258,714
281,714
418,714
65,714
859,714
781,714
944,714
641,714
696,714
653,714
824,714
990,714
733,714
943,715
300,715
310,715
422,715
923,715
736,715
860,715
706,715
49,715
481,715
950,715
3,716
36,716
238,716
836,716
267,716
433,716
493,716
559,716
993,716
667,716
794,716
844,716
758,717
874,717
115,717
214,717
349,717
276,717
301,717
372,717
700,717
280,717
672,717
745,717
553,717
139,718
148,718
706,718
234,718
263,718
879,718
595,718
608,718
133,718
504,718
655,718
43,719
115,719
180,719
357,719
626,719
610,719
681,719
761,719
956,719
789,719
619,719
173,719
662,719
167,720
303,720
251,720
771,720
599,720
610,720
666,720
91,720
294,720
424,720
768,720
787,720
634,721
9,721
33,721
139,721
408,721
312,721
499,721
397,721
602,721
925,721
780,721
96,721
269,721
644,721
732,721
766,721
841,721
46,722
579,722
166,722
135,722
113,722
755,723
112,723
910,723
188,723
397,723
942,723
516,723
540,723
585,723
14,723
677,723
896,723
245,724
327,724
904,724
763,724
207,724
917,724
597,724
255,724
931,724
222,724
295,724
963,725
141,725
260,725
921,725
444,725
446,725
524,725
826,725
145,725
760,725
195,725
55,726
584,726
136,726
389,726
944,726
236,726
739,726
441,726
491,726
837,726
583,726
839,726
282,726
656,727
79,727
270,727
69,727
315,727
848,727
611,727
581,727
735,727
694,727
556,727
30,728
61,728
241,728
422,728
149,728
482,728
565,728
590,728
816,728
912,728
923,728
238,728
996,729
202,729
257,729
259,729
368,729
134,729
770,729
810,729
925,729
949,729
715,729
199,729
28,730
505,730
138,730
799,730
67,730
426,730
480,730
564,730
656,730
207,730
321,730
664,731
718,731
773,731
529,731
496,731
152,732
305,732
847,732
442,732
33,733
653,733
736,733
404,733
455,733
219,733
697,733
773,733
944,733
981,733
375,733
635,733
672,733
84,734
948,734
113,734
131,734
320,734
354,734
387,734
500,734
761,734
917,734
711,734
322,734
4,735
839,735
67,735
261,735
291,735
752,735
861,735
770,735
459,735
270,735
671,736
236,736
641,736
378,736
86,737
181,737
221,737
304,737
911,737
465,737
836,737
635,737
776,737
652,737
2,738
54,738
63,738
561,738
706,738
790,738
279,738
385,738
510,738
596,738
145,739
269,739
579,739
835,739
763,739
726,739
822,739
639,739
998,739
225,739
255,740
955,740
306,740
894,740
554,740
699,740
725,740
760,740
805,740
21,740
40,741
87,741
157,741
794,741
455,741
269,741
922,741
523,741
586,741
593,741
849,741
481,741
753,741
756,741
640,742
12,742
337,742
333,742
3,743
70,743
497,743
518,743
576,743
754,743
423,743
433,743
302,744
90,744
126,744
163,744
61,744
561,744
732,744
664,744
892,744
976,744
685,745
100,745
471,745
234,745
909,745
448,745
395,745
490,745
19,746
235,746
644,746
246,746
142,746
151,747
835,747
906,747
277,747
306,747
239,747
854,747
198,747
575,747
75,748
79,748
91,748
165,748
951,748
624,748
453,748
608,748
629,748
798,748
800,748
175,748
96,748
7,748
805,750
996,750
262,750
279,750
994,750
361,750
972,750
384,750
715,750
444,750
906,750
485,750
2,751
57,751
121,751
169,751
733,751
986,751
640,751
654,751
537,751
151,751
408,751
786,751
174,752
889,752
399,752
797,752
778,752
627,752
764,752
789,752
841,752
450,752
490,752
933,752
93,753
235,753
349,753
465,753
662,753
679,753
385,753
874,753
890,753
954,753
955,753
463,753
775,753
315,753
344,753
822,753
21,754
201,754
286,754
549,754
272,754
89,754
942,754
581,754
417,754
71,754
238,754
423,755
33,755
150,755
459,755
530,755
600,755
767,755
537,755
38,755
989,755
114,756
893,756
651,756
771,756
447,756
480,756
864,756
39,756
7,757
37,757
705,757
147,757
274,757
300,757
807,757
595,757
449,757
677,757
27,757
148,757
918,758
392,758
742,758
695,758
846,758
264,758
600,758
32,758
53,758
42,758
92,758
19,759
92,759
314,759
583,759
384,759
778,759
402,759
431,759
673,759
688,759
968,759
60,759
213,759
462,759
31,760
117,760
620,760
220,760
240,760
864,760
997,760
986,760
458,760
854,760
110,760
701,760
734,760
307,760
663,760
564,760
334,760
52,761
896,761
868,761
50,761
276,761
722,761
352,761
618,761
782,761
347,761
553,762
29,763
174,763
241,763
42,763
986,763
560,763
257,763
915,763
919,764
974,764
353,764
249,764
948,764
705,764
173,764
516,764
898,765
985,765
374,765
270,765
363,765
393,765
473,765
567,765
542,765
713,765
673,765
338,765
989,765
770,765
15,766
548,766
64,766
81,766
829,766
859,766
776,766
538,766
730,766
383,767
408,767
984,767
804,768
166,768
298,768
678,768
902,768
291,768
946,768
402,768
416,768
532,769
379,769
165,769
207,769
208,769
235,769
298,769
371,769
589,769
661,769
326,769
799,769
902,769
220,769
718,770
245,770
340,770
834,770
327,770
488,770
591,770
500,770
421,770
954,770
825,770
655,770
34,771
203,771
224,771
690,771
488,771
892,771
594,771
669,771
993,771
620,771
232,771
730,772
405,772
284,772
270,772
390,772
198,772
766,772
646,773
228,773
305,773
522,773
660,774
739,774
271,774
273,774
286,774
331,774
530,774
852,774
432,774
789,774
258,774
108,774
887,774
243,774
153,774
628,774
784,774
641,775
136,775
180,775
372,775
912,775
429,775
513,775
883,775
666,775
727,775
302,775
756,775
858,775
674,775
894,775
131,776
567,776
961,776
692,776
779,776
2,776
660,776
762,776
359,777
428,777
555,777
609,777
392,777
415,778
164,778
833,778
927,778
670,778
676,778
596,778
14,778
116,778
291,779
348,779
630,779
392,779
414,779
151,779
221,779
828,780
345,780
360,780
364,780
425,780
934,780
501,780
520,780
753,780
254,780
82,780
10,781
900,781
224,781
269,781
316,781
837,781
515,781
498,781
618,781
555,781
580,781
655,781
568,781
40,782
66,782
917,782
524,782
682,782
314,782
446,782
713,782
362,782
566,782
396,782
251,782
950,782
822,783
394,783
314,783
796,783
892,783
895,783
973,783
74,783
523,783
588,783
220,783
800,784
179,784
180,784
518,784
770,784
333,784
605,784
973,784
412,784
954,784
235,785
221,785
334,785
708,785
568,785
759,785
582,785
840,785
6,786
643,786
678,786
234,786
279,786
524,786
734,786
851,786
840,786
9,787
74,787
192,787
202,787
207,787
270,787
272,787
273,787
323,787
652,787
421,787
866,787
617,787
327,788
641,788
144,788
282,788
602,788
607,788
337,788
392,788
476,788
896,788
513,788
242,789
642,789
68,789
644,789
735,789
811,789
652,789
709,789
338,790
138,790
825,790
12,790
579,790
670,790
164,790
521,790
55,791
162,791
921,791
594,791
148,791
908,791
872,791
149,791
866,791
503,791
51,792
97,792
874,792
266,792
408,792
489,792
522,792
213,792
647,792
708,792
854,792
995,792
420,792
103,792
889,792
378,792
552,793
103,793
116,793
879,793
566,793
924,793
742,793
188,794
205,794
257,794
145,794
548,794
987,794
919,794
250,794
851,794
790,794
38,794
567,794
972,794
275,794
514,794
30,795
157,795
250,795
215,795
826,795
589,795
658,795
682,795
357,795
0,795
733,795
27,795
781,795
179,795
309,795
655,795
622,795
928,796
197,796
606,796
691,796
463,796
419,796
355,796
698,796
47,796
131,796
576,796
60,797
214,797
715,797
274,797
276,797
504,797
500,797
859,797
305,797
918,797
697,797
732,797
79,798
160,798
8,798
948,798
418,798
785,798
729,798
432,798
72,799
283,799
708,799
423,799
606,799
946,799
628,799
839,799
826,800
90,800
401,800
805,800
427,800
37,800
997,800
29,801
82,801
120,801
668,801
300,801
302,801
385,801
464,801
914,801
987,801
720,801
851,801
394,801
46,802
135,802
325,802
370,802
479,802
831,802
873,802
543,802
937,802
940,802
444,802
42,803
89,803
121,803
160,803
469,803
755,803
344,803
381,803
943,803
587,803
616,803
623,803
986,803
408,804
230,804
202,804
621,804
554,804
169,804
547,804
329,804
655,804
3,805
29,805
35,805
115,805
196,805
907,805
284,805
406,805
577,805
673,805
427,805
637,805
956,805
32,806
594,806
230,806
235,806
379,806
475,806
858,806
528,806
529,806
534,806
559,806
283,806
701,806
761,806
344,806
819,806
24,807
801,807
502,807
134,807
152,807
216,807
249,807
492,807
995,807
728,807
859,807
934,807
636,807
662,807
844,807
828,808
622,808
942,808
179,808
935,808
412,808
701,808
983,808
1,809
31,809
872,809
126,809
717,809
171,809
538,809
63,810
147,810
914,810
465,810
944,810
712,810
633,810
726,810
886,810
260,810
642,811
209,811
794,811
461,811
940,811
526,811
168,811
48,811
224,811
232,811
24,812
95,812
958,812
681,812
274,812
305,812
69,813
80,813
117,813
140,813
253,813
375,813
376,813
396,813
398,813
775,813
597,813
710,813
844,813
36,814
45,814
107,814
308,814
64,814
672,814
154,814
968,814
799,814
67,814
489,814
629,814
9,815
524,815
187,815
220,815
430,815
539,815
703,815
926,815
686,815
755,815
36,816
547,816
827,816
484,816
491,816
731,816
732,816
719,816
993,816
909,816
39,816
49,817
63,817
94,817
900,817
13,817
808,817
589,817
804,817
984,817
861,817
475,817
30,818
115,818
221,818
684,818
884,818
918,818
706,818
847,818
600,818
301,818
366,818
315,818
944,819
121,819
170,819
182,819
66,819
503,819
507,819
665,819
800,819
923,819
974,819
2,819
172,819
18,819
578,819
23,819
571,819
815,819
936,819
774,819
134,820
228,820
606,820
577,820
968,820
620,820
16,820
949,820
678,820
609,820
691,820
776,820
694,820
52,821
221,821
270,821
159,821
904,821
406,821
754,821
524,821
125,821
689,821
361,821
194,821
16,822
147,822
379,822
239,822
319,822
703,822
571,822
15,823
98,823
564,823
911,823
28,823
853,823
890,823
65,823
13,824
402,824
320,824
779,824
377,824
234,824
554,824
991,824
646,824
51,824
474,824
233,824
615,825
888,825
614,825
625,825
837,825
434,825
278,825
613,825
771,825
217,826
304,826
953,826
283,826
474,826
372,826
417,826
575,826
236,826
39,826
338,826
17,827
453,827
126,827
263,827
685,827
697,827
806,827
508,827
195,827
732,827
27,828
952,828
554,828
691,828
913,828
581,828
836,828
28,829
827,829
85,829
334,829
89,830
95,830
123,830
854,830
186,830
242,830
411,830
452,830
528,830
153,830
758,830
936,830
135,831
420,831
145,831
238,831
850,831
313,831
762,832
57,833
106,833
835,833
728,833
228,833
360,833
778,834
278,834
94,834
466,834
347,834
19,835
808,835
810,835
774,835
815,835
360,835
791,835
479,835
563,835
36,835
742,835
558,835
318,836
353,836
373,836
388,836
332,836
499,836
736,836
552,836
982,836
241,836
890,836
710,836
214,836
718,836
238,836
945,837
468,837
517,837
935,837
261,837
952,837
1,838
20,838
87,838
273,838
417,838
448,838
486,838
736,838
748,838
335,838
495,838
751,839
928,839
589,839
240,839
244,839
855,839
319,839
414,839
681,839
543,839
564,839
581,839
189,840
797,840
296,840
339,840
408,840
550,840
581,840
572,840
19,840
522,840
208,841
226,841
305,841
324,841
964,841
213,841
760,841
758,841
592,841
553,841
254,842
134,842
264,842
276,842
707,842
355,842
412,842
433,842
486,842
606,842
750,842
982,842
885,842
225,842
14,843
33,843
840,843
891,843
423,843
430,843
863,843
611,843
640,843
696,843
11,844
34,844
880,844
946,844
964,844
537,844
367,844
306,845
77,845
794,845
887,845
692,845
696,845
879,845
109,845
29,846
88,846
244,846
586,846
725,846
198,846
448,846
493,846
609,846
353,846
452,846
0,846
359,847
62,847
152,847
563,847
312,847
353,847
415,847
459,847
524,847
244,847
770,847
756,847
586,848
10,848
218,848
97,848
170,848
233,848
867,848
329,848
808,848
179,848
261,848
809,848
246,848
53,849
919,849
359,849
620,849
497,849
781,849
805,849
830,849
675,849
807,850
276,850
427,850
737,850
740,850
534,850
84,850
657,850
296,850
681,850
864,850
678,850
950,850
556,851
93,851
113,851
390,851
449,851
504,851
470,851
799,851
111,852
929,852
136,852
27,852
196,852
937,852
238,852
45,853
118,853
255,853
89,853
571,853
835,853
857,853
875,853
931,853
928,853
778,854
878,854
747,854
666,854
601,854
721,854
768,854
911,854
279,854
936,854
892,855
735,855
927,855
347,855
618,855
66,856
201,856
431,856
460,856
612,856
639,856
753,856
780,856
88,856
70,856
147,856
37,856
772,856
887,856
630,856
537,856
103,857
113,857
209,857
612,857
375,857
445,857
7,857
847,857
518,857
303,858
349,858
629,858
677,858
666,858
708,858
744,858
446,858
58,858
322,858
749,858
730,858
297,858
232,858
743,858
37,859
236,859
257,859
322,859
369,859
467,859
479,859
532,859
357,859
969,859
612,859
110,859
683,859
293,859
714,859
956,859
228,860
85,860
301,860
934,860
493,860
518,860
612,860
682,860
636,860
871,860
596,860
640,860
331,860
694,860
132,861
206,861
310,861
396,861
446,861
610,861
384,861
722,861
781,861
984,861
876,861
939,861
244,861
932,861
315,862
946,862
760,862
904,862
896,862
20,863
400,863
742,863
666,863
892,863
257,863
877,863
22,864
488,864
364,864
411,864
622,864
682,864
878,864
889,864
978,864
935,864
667,864
135,864
7,865
113,865
134,865
283,865
385,865
700,865
180,865
941,865
431,865
450,865
925,865
588,865
525,865
535,865
249,866
850,866
408,866
669,866
511,866
69,867
121,867
162,867
265,867
940,867
139,867
990,867
589,867
21,867
537,867
271,868
509,868
498,868
168,869
217,869
300,869
307,869
65,869
458,869
561,869
764,869
816,869
477,869
135,869
417,869
422,869
834,870
94,870
142,870
184,870
187,870
55,870
333,870
413,870
443,870
355,870
258,870
476,870
884,870
195,870
659,870
683,870
327,870
325,870
449,870
786,870
35,871
122,871
399,871
721,871
215,871
224,871
359,871
910,871
719,871
994,871
821,871
812,871
225,871
652,872
356,872
388,872
321,872
511,872
808,872
318,872
477,872
581,872
129,873
313,873
414,873
505,873
561,873
623,873
776,873
203,873
696,873
883,873
966,873
553,873
120,874
175,874
393,874
454,874
609,874
677,874
801,874
901,874
526,874
597,874
883,874
313,874
436,874
905,874
887,874
222,874
149,875
815,875
362,875
201,875
638,875
920,875
185,875
748,876
100,876
517,876
938,876
903,876
398,876
583,876
952,876
989,876
755,876
314,876
109,876
709,876
378,877
553,877
863,877
564,878
339,878
342,878
601,878
677,878
344,878
768,878
903,878
824,878
997,878
583,878
418,878
201,878
927,878
675,879
233,879
263,879
476,879
683,879
722,879
988,879
7,879
892,879
980,879
189,880
314,880
256,880
327,880
330,880
398,880
779,880
859,880
650,880
271,881
160,881
174,881
399,881
444,881
485,881
892,881
434,881
211,881
607,882
760,882
874,882
312,882
307,882
851,882
595,882
603,882
446,882
699,882
742,882
0,883
212,883
456,883
908,883
703,883
944,883
65,883
583,883
153,884
550,884
850,884
207,884
902,884
988,884
663,884
690,884
698,884
785,884
5,885
101,885
124,885
156,885
730,885
305,885
336,885
408,885
423,885
703,885
950,885
49,886
46,886
69,886
237,886
583,886
444,886
587,886
814,886
747,886
92,886
672,886
225,886
132,886
66,887
166,887
217,887
218,887
527,887
258,887
755,887
871,887
429,887
766,887
738,887
233,887
905,888
97,888
132,888
607,888
611,888
759,888
577,888
310,888
31,889
617,889
822,889
258,889
280,889
898,889
882,889
726,889
776,889
973,889
61,890
210,890
341,890
812,890
356,890
682,890
684,890
71,890
406,890
22,890
120,891
409,891
520,891
570,891
697,891
592,891
781,891
802,891
528,891
952,891
991,891
988,891
357,891
43,891
993,891
499,892
405,892
822,892
187,892
679,892
414,892
114,893
137,893
213,893
220,893
567,893
471,893
970,893
365,893
874,893
60,893
746,893
167,893
555,893
33,894
858,894
739,894
250,894
267,894
903,894
353,894
381,894
596,894
151,894
608,894
269,894
685,894
773,894
955,894
573,895
502,895
160,895
332,895
771,895
355,895
832,895
139,896
387,896
432,896
489,896
931,896
861,896
192,896
683,896
799,896
808,896
722,896
446,896
693,896
877,896
630,897
67,898
859,898
140,898
222,898
865,898
872,899
454,899
575,899
582,899
244,899
306,899
162,900
946,900
368,900
863,900
446,900
724,900
803,900
252,900
58,901
266,901
301,901
304,901
390,901
282,901
191,901
891,901
700,901
841,901
845,901
408,902
780,902
988,902
186,902
151,902
538,902
338,903
385,903
395,903
292,903
994,903
172,903
912,903
704,903
781,903
795,903
841,903
278,903
575,903
961,903
50,903
27,904
150,904
15,904
243,904
379,904
405,904
845,904
537,904
658,904
426,904
383,904
61,905
948,905
41,905
863,905
913,905
20,905
218,905
793,905
591,905
759,905
353,905
181,906
98,906
104,906
152,906
231,906
238,906
275,906
816,906
382,906
390,906
509,906
824,906
635,906
160,907
614,907
963,907
635,907
448,907
472,907
149,908
221,908
359,908
413,908
84,908
547,908
662,908
679,908
682,908
815,908
737,908
873,908
887,908
658,908
642,908
633,909
13,909
983,909
574,909
226,909
698,909
300,909
149,910
209,910
822,910
500,910
125,910
819,910
159,911
230,911
595,911
605,911
642,911
750,911
334,911
795,911
866,911
267,911
908,911
922,911
801,911
876,911
808,912
501,912
934,912
991,912
563,912
977,912
921,912
553,912
21,913
866,913
784,913
368,913
306,913
777,914
706,914
906,914
828,915
442,915
777,915
748,915
606,915
359,916
470,916
487,916
641,916
963,916
977,916
741,916
693,916
205,916
272,916
13,917
46,917
986,917
192,917
850,917
396,917
734,917
347,917
743,917
204,918
42,918
849,918
472,918
476,918
500,918
534,918
903,918
611,918
289,918
177,918
844,918
87,919
629,919
441,919
461,919
473,919
739,919
835,919
651,919
374,919
47,920
188,920
339,920
443,920
500,920
507,920
557,920
662,920
588,920
822,920
998,920
615,920
893,920
77,920
879,920
830,920
6,921
898,921
590,921
277,921
264,921
412,921
485,921
127,921
486,921
87,922
747,922
279,922
676,922
446,922
741,922
737,922
573,922
753,922
872,922
649,922
125,922
322,922
129,922
90,923
161,923
169,923
77,923
997,923
906,923
952,923
127,923
109,923
47,924
213,924
242,924
258,924
244,924
731,924
788,924
842,924
939,924
343,924
267,925
665,925
214,925
604,925
43,926
76,926
284,926
469,926
714,926
473,926
519,926
868,926
817,926
173,926
2,927
386,927
397,927
600,927
715,927
767,927
545,927
998,927
821,927
160,927
948,927
209,927
516,927
165,927
771,927
147,927
525,927
142,928
861,928
384,928
129,928
36,928
925,928
22,928
321,928
686,928
698,928
705,928
781,928
495,929
313,929
533,929
725,929
778,929
159,929
24,930
159,930
535,930
497,930
718,930
508,930
801,930
815,930
598,930
976,930
17,931
188,931
438,931
286,931
703,931
881,931
620,931
649,931
49,931
494,931
558,931
221,932
759,932
294,932
460,932
518,932
611,932
492,932
829,932
114,932
60,932
838,932
893,932
467,933
232,933
521,933
78,933
877,933
261,933
120,934
125,934
833,934
203,934
292,934
296,934
479,934
533,934
700,934
718,934
770,934
957,934
389,934
24,934
462,934
879,935
198,935
466,935
892,935
509,935
644,935
443,935
480,935
57,936
96,936
746,936
195,936
547,936
284,936
27,937
80,937
650,937
442,937
85,937
486,937
529,937
606,937
977,937
552,937
757,937
685,937
139,937
575,938
137,938
247,938
424,938
488,938
919,938
294,938
245,939
272,939
784,939
350,939
627,939
585,939
252,939
810,939
90,940
326,940
280,940
485,940
279,940
408,940
632,940
659,940
995,940
792,940
682,940
683,940
62,940
694,941
382,941
490,941
503,941
557,941
590,941
833,941
701,941
733,941
753,941
216,941
712,941
4,942
74,942
745,942
401,942
868,942
255,942
575,942
309,942
900,943
299,943
538,943
385,943
425,943
529,943
598,943
163,943
657,943
758,943
770,943
979,943
846,943
485,943
102,944
304,944
380,944
470,944
479,944
563,944
697,944
758,944
74,944
161,944
345,944
31,945
229,945
828,945
282,945
474,945
751,945
960,946
251,946
289,946
779,946
23,946
742,946
684,947
324,947
335,947
401,947
496,947
879,948
121,948
158,948
858,948
348,948
270,948
304,948
431,948
488,948
950,948
53,949
175,949
665,949
925,949
393,949
978,949
874,949
605,949
465,949
634,949
492,949
709,949
462,950
101,950
306,950
379,950
413,950
816,950
44,951
883,951
283,951
966,951
463,951
8,951
685,951
519,951
762,951
99,952
234,952
798,952
593,952
592,952
611,952
36,952
865,952
91,952
889,952
773,952
968,953
578,953
449,953
424,953
273,953
961,953
925,954
701,954
357,954
384,954
899,954
67,954
320,954
53,955
175,955
628,955
729,955
796,955
503,955
455,955
572,955
724,955
281,955
64,956
106,956
363,956
370,956
508,956
997,956
184,956
648,956
820,956
747,956
763,956
857,956
893,956
953,956
238,956
137,957
311,957
164,957
710,957
848,957
200,957
481,957
835,957
272,957
542,957
187,958
212,958
27,958
386,958
879,958
574,958
991,958
938,958
627,958
811,958
505,958
731,958
214,959
73,959
333,959
391,959
393,959
908,959
842,959
45,959
858,959
881,959
176,959
197,959
164,960
97,960
371,960
19,960
408,960
784,960
587,960
600,960
605,960
689,960
954,960
312,960
420,960
684,960
556,960
182,961
463,961
849,961
688,961
713,961
798,961
481,961
955,961
927,961
34,962
212,962
50,962
481,962
666,962
745,962
809,962
445,962
896,962
120,962
1,963
645,963
423,963
275,963
357,963
739,963
409,963
375,963
866,963
856,963
993,963
225,963
238,963
928,964
888,964
227,964
352,964
468,964
709,964
602,965
114,965
190,965
218,965
348,965
415,965
969,965
644,965
548,965
545,965
413,965
571,966
93,966
182,966
201,966
687,966
898,966
593,966
442,966
6,966
933,966
58,967
603,967
389,967
428,967
357,967
671,967
719,967
986,967
110,967
438,967
155,967
69,968
115,968
152,968
610,968
237,968
369,968
901,968
472,968
192,968
734,968
986,968
8,968
109,968
268,969
315,969
753,969
819,969
790,969
572,969
683,969
696,969
712,969
771,969
603,969
727,969
179,969
221,970
879,970
162,970
678,970
475,970
273,970
951,970
652,970
46,971
134,971
383,971
287,971
500,971
569,971
626,971
679,971
726,971
748,971
861,971
916,971
30,971
977,971
11,971
290,971
245,971
971,972
135,972
276,972
638,972
670,972
835,972
377,972
874,972
257,972
556,972
297,973
10,973
885,973
148,973
196,973
942,973
136,974
257,974
287,974
372,974
61,974
477,974
579,974
663,974
800,974
825,974
49,974
951,974
824,974
491,974
744,974
602,974
762,974
897,974
334,974
104,975
431,975
569,975
687,975
875,975
924,975
213,975
650,975
125,975
888,975
223,975
730,975
232,975
630,976
81,976
106,976
119,976
800,976
917,976
717,976
786,976
585,976
740,976
604,976
614,976
541,976
838,976
679,977
584,977
382,977
434,977
875,977
899,977
56,977
41,978
793,978
97,978
133,978
139,978
270,978
710,978
426,978
475,978
278,978
727,978
220,978
749,978
175,979
47,979
52,979
991,979
354,979
495,979
299,979
512,979
271,979
632,979
807,979
801,979
675,979
987,979
844,979
820,980
63,980
606,980
380,980
571,980
851,980
616,980
285,980
734,980
987,980
46,980
173,980
950,980
975,981
165,981
310,981
428,981
495,981
794,981
660,981
204,981
894,982
700,982
204,982
500,982
300,982
441,982
456,982
347,982
240,983
954,983
414,983
922,983
573,983
771,983
223,983
483,983
53,983
390,983
749,983
553,983
33,984
89,984
993,984
927,984
446,984
152,984
527,984
900,984
934,984
172,985
425,985
599,985
67,985
547,985
759,985
773,985
419,985
630,985
34,985
683,986
420,986
707,986
717,986
597,986
847,986
929,986
874,986
908,986
609,986
832,986
639,987
102,987
121,987
209,987
356,987
391,987
424,987
534,987
358,987
887,987
910,987
148,987
791,987
617,987
232,987
37,988
45,988
46,988
229,988
266,988
538,988
520,988
180,988
335,988
732,988
851,988
966,988
929,988
392,988
794,989
345,989
456,989
214,989
477,989
623,989
144,989
26,989
950,989
7,990
183,990
349,990
495,990
635,990
716,990
738,990
776,990
593,990
906,990
545,990
123,990
98,991
117,991
547,991
330,991
889,991
898,991
611,991
558,991
291,992
97,992
913,992
903,992
345,992
394,992
407,992
983,992
303,992
411,992
626,992
347,992
859,993
16,993
32,993
658,993
840,993
493,993
179,993
588,993
794,993
400,993
575,993
567,993
832,993
716,993
152,994
181,994
210,994
173,994
273,994
979,994
451,994
683,994
967,994
551,994
790,994
138,994
960,994
988,995
231,995
247,995
621,995
541,995
623,995
986,995
699,995
857,995
676,995
954,995
889,995
329,995
127,995
32,996
93,996
120,996
883,996
396,996
431,996
435,996
175,996
562,996
798,996
800,996
959,996
850,996
227,997
22,997
921,997
151,997
19,997
995,997
707,997
717,997
864,997
919,997
848,997
653,998
51,998
212,998
390,998
589,998
292,998
948,998
443,998
541,998
548,998
686,998
722,998
460,998
919,998
944,998
840,998
68,999
455,999
214,999
246,999
452,999
465,999
658,999
774,999
756,999
979,999
910,999
939,999
626,999
56,999
