seed,network_seed,opinions_seed,condition,mu,n_agents,edge_count,realised_mean_in_degree,initial_mean_opinion,mean_opinion,std_opinion,min_opinion,max_opinion,positive_fraction,negative_fraction,bimodality_coefficient,is_bimodal,opinion_sign_assortativity,final_edge_count,n_cascades,mean_cascade_size,median_cascade_size,max_cascade_size
0,0,1000000,mu_1,1.0,1000,10269,10.269,0.0046423171519263525,-0.052134280622005466,0.14857255661104526,-0.8999999761581421,0.61369389295578,0.335,0.665,0.15223393346034378,False,0.04963773284122714,10269,51327,1.0,1.0,1.0
0,0,1000000,mu_01,0.1,1000,10269,10.269,0.0046423171519263525,0.13006720787286757,0.0774179104515768,-0.21078422665596008,0.49422839283943176,0.957,0.043,0.20385099569492438,False,0.025463552240872968,10269,5860,13.73617747440273,2.0,2176.0
1,1,1000001,mu_1,1.0,1000,10163,10.163,-0.01765417695257111,-0.1102726394161582,0.7135123949062256,-1.0,1.0,0.395,0.605,0.8565230374692434,True,0.794854139112644,10163,50978,1.0,1.0,1.0
1,1,1000001,mu_01,0.1,1000,10163,10.163,-0.01765417695257111,-0.13945640641450882,0.9512099162736924,-1.0,1.0,0.42,0.58,0.9843396044266302,True,0.444560217886451,10163,5966,12.565035199463628,2.0,3335.0
2,2,1000002,mu_1,1.0,1000,10169,10.169,0.006520900746176252,0.02644661271572113,0.16938020775543247,-0.9688276052474976,0.9028864502906799,0.557,0.443,0.2170157586479052,False,0.06940403001352041,10169,50903,1.0,1.0,1.0
2,2,1000002,mu_01,0.1,1000,10169,10.169,0.006520900746176252,0.09719317028671504,0.08797732807953665,-0.8284780979156494,0.4878230094909668,0.909,0.091,0.1401256668099892,False,0.027973277412588798,10169,6064,13.096965699208443,2.0,2228.0
3,3,1000003,mu_1,1.0,1000,10139,10.139,0.020166798888227273,0.06977878491580486,0.16859633987865832,-0.7999999523162842,0.8999999761581421,0.696,0.304,0.17891540308951887,False,0.06845961494583502,10139,50887,1.0,1.0,1.0
3,3,1000003,mu_01,0.1,1000,10139,10.139,0.020166798888227273,0.31386753696203235,0.8848920295859982,-1.0,1.0,0.683,0.317,0.9843724128420295,True,0.4518085437339071,10139,5795,13.368421052631579,2.0,3228.0
4,4,1000004,mu_1,1.0,1000,10138,10.138,-0.03827199723331645,-0.12761248566955327,0.1593695380457989,-0.9500539898872375,0.6304342150688171,0.163,0.837,0.17306982058349402,False,0.07398052727193248,10138,51069,1.0,1.0,1.0
4,4,1000004,mu_01,0.1,1000,10138,10.138,-0.03827199723331645,-0.5160480672717095,0.6547396675132369,-1.0,1.0,0.16,0.84,0.9725972361991143,True,0.5855884999437482,10138,5981,12.865407122554757,2.0,2494.0
5,5,1000005,mu_1,1.0,1000,10240,10.24,0.009169920885553703,-0.01949650726467371,0.8382590448421837,-1.0,1.0,0.484,0.516,0.9233318124489578,True,0.7595932482341761,10240,50754,1.0,1.0,1.0
5,5,1000005,mu_01,0.1,1000,10240,10.24,0.009169920885553703,0.07303265237808228,0.9665453805777164,-1.0,1.0,0.541,0.459,0.9837751020699388,True,0.29367515329296723,10240,5882,13.352091125467528,3.0,1984.0
6,6,1000006,mu_1,1.0,1000,9980,9.98,0.009532538059618343,0.057118421375751495,0.14634777512170785,-0.5781494379043579,0.7311209440231323,0.696,0.304,0.20880792669564174,False,0.0802788947926244,9980,51040,1.0,1.0,1.0
6,6,1000006,mu_01,0.1,1000,9980,9.98,0.009532538059618343,0.5230749509930611,0.7454209041447999,-1.0,1.0,0.801,0.199,0.9788998620564634,True,0.548909218773346,9980,5928,13.196356275303645,2.0,1456.0
7,7,1000007,mu_1,1.0,1000,10218,10.218,0.00651328986041074,0.022187257327139377,0.22062870919982144,-0.9198703765869141,0.9175152778625488,0.543,0.457,0.2127455023048605,False,0.18217843944728712,10218,50992,1.0,1.0,1.0
7,7,1000007,mu_01,0.1,1000,10218,10.218,0.00651328986041074,0.07489452426880598,0.08054040410089368,-0.2828017473220825,0.4493131935596466,0.868,0.132,0.224530987653169,False,0.004966190779288514,10218,5955,13.289840470193115,2.0,3135.0
8,8,1000008,mu_1,1.0,1000,9999,9.999,0.010176291452064237,-0.03225641096383333,0.18405715072293913,-1.0,1.0,0.397,0.603,0.16085936698407285,False,0.10279898161270291,9999,51081,1.0,1.0,1.0
8,8,1000008,mu_01,0.1,1000,9999,9.999,0.010176291452064237,0.2802421373128891,0.9048778605704778,-1.0,1.0,0.658,0.342,0.9832601920689118,True,0.40310169156667414,9999,6019,12.787838511380627,2.0,3259.0
9,9,1000009,mu_1,1.0,1000,10266,10.266,0.013193436648947525,0.10146874292939902,0.19262942410266273,-1.0,1.0,0.73,0.27,0.18410296005354124,False,0.12007856157524494,10266,50749,1.0,1.0,1.0
9,9,1000009,mu_01,0.1,1000,10266,10.266,0.013193436648947525,0.01675863841176033,0.9669139834987213,-1.0,1.0,0.502,0.498,0.9826992472046825,True,0.2994085620964239,10266,6097,12.729047072330655,3.0,4966.0
10,10,1000010,mu_1,1.0,1000,10237,10.237,-0.005165637009792658,-0.08610450326651335,0.15923996884255223,-0.7999999523162842,0.8997517824172974,0.236,0.764,0.18572933858808485,False,0.0689587322434344,10237,50970,1.0,1.0,1.0
10,10,1000010,mu_01,0.1,1000,10237,10.237,-0.005165637009792658,-0.29055184197425843,0.9055227206109691,-1.0,1.0,0.337,0.663,0.9833427449754963,True,0.4764826116919935,10237,6084,12.155982905982906,2.0,2580.0
11,11,1000011,mu_1,1.0,1000,10147,10.147,-0.0019002193712850674,-0.03841451695561409,0.22540402870020892,-0.9124606251716614,0.7999999523162842,0.411,0.589,0.24431723296696237,False,0.22920183242495148,10147,50856,1.0,1.0,1.0
11,11,1000011,mu_01,0.1,1000,10147,10.147,-0.0019002193712850674,0.1858246206715703,0.08230684778445956,-0.1820959448814392,0.6041855812072754,0.979,0.021,0.19769702007392229,False,0.013425078730343539,10147,6044,13.057081403044341,2.0,2078.0
12,12,1000012,mu_1,1.0,1000,10136,10.136,0.004663674597605259,0.06671529342234135,0.1865979765292793,-1.0,0.8308354616165161,0.673,0.327,0.14795384088485564,False,0.07514876887188297,10136,51016,1.0,1.0,1.0
12,12,1000012,mu_01,0.1,1000,10136,10.136,0.004663674597605259,-0.3685679429769516,0.8649824343243884,-1.0,1.0,0.29,0.71,0.9840201433129631,True,0.39303120126035934,10136,5955,13.010747271200671,2.0,2247.0
13,13,1000013,mu_1,1.0,1000,10237,10.237,0.00652952324693678,0.059901738837361336,0.18408102477691177,-0.7391173839569092,0.7386002540588379,0.668,0.332,0.2101623936943267,False,0.07331649015700908,10237,51051,1.0,1.0,1.0
13,13,1000013,mu_01,0.1,1000,10237,10.237,0.00652952324693678,0.33969475483894346,0.8608917953599431,-1.0,1.0,0.705,0.295,0.9810544610616884,True,0.4590579842315515,10237,5938,12.673795890872348,2.0,2042.0
14,14,1000014,mu_1,1.0,1000,10089,10.089,-0.01981273644561971,0.0489821065813303,0.1747546733777395,-0.7999999523162842,0.9048385620117188,0.635,0.365,0.18275837029802638,False,0.08425655731950388,10089,51015,1.0,1.0,1.0
14,14,1000014,mu_01,0.1,1000,10089,10.089,-0.01981273644561971,0.03597788921743631,0.0836674943445545,-0.2914959788322449,0.4264166057109833,0.71,0.29,0.20493967932058255,False,0.03446370383183702,10089,5991,13.347187447838424,2.0,2907.0
15,15,1000015,mu_1,1.0,1000,10212,10.212,-0.025995044726622757,-0.06920127165317536,0.22331385170431467,-1.0,0.9815021753311157,0.349,0.651,0.231162451089809,False,0.2829308051686107,10212,50868,1.0,1.0,1.0
15,15,1000015,mu_01,0.1,1000,10212,10.212,-0.025995044726622757,-0.058046076647937296,0.08520459062075339,-0.4934636950492859,0.2999999225139618,0.213,0.787,0.16716848086385372,False,0.03728471635918822,10212,6005,13.330058284762698,2.0,1496.0
16,16,1000016,mu_1,1.0,1000,10223,10.223,-0.008423670505764872,-0.08085129617899656,0.2397757820031561,-1.0,0.9319857954978943,0.347,0.653,0.25009043589879737,False,0.30258755531815457,10223,51172,1.0,1.0,1.0
16,16,1000016,mu_01,0.1,1000,10223,10.223,-0.008423670505764872,-0.117452743165195,0.08066127233824114,-0.49798163771629333,0.28544771671295166,0.057,0.943,0.2030483661604842,False,0.018307320215434807,10223,5882,13.35634138048283,2.0,2595.0
17,17,1000017,mu_1,1.0,1000,10194,10.194,0.012311110174541031,-0.033522554472088816,0.7157117774873059,-1.0,1.0,0.464,0.536,0.8378458620149191,True,0.8339941803279451,10194,50711,1.0,1.0,1.0
17,17,1000017,mu_01,0.1,1000,10194,10.194,0.012311110174541031,0.4743615328371525,0.13438474086723345,-1.0,0.9933761358261108,0.994,0.006,0.4594875205748866,False,0.2047660717556455,10194,6120,11.859313725490196,2.0,5641.0
18,18,1000018,mu_1,1.0,1000,10078,10.078,0.0032287400766550256,-0.13165662287920712,0.29745245386071045,-1.0,1.0,0.305,0.695,0.3008644329255623,False,0.33556050110044444,10078,51145,1.0,1.0,1.0
18,18,1000018,mu_01,0.1,1000,10078,10.078,0.0032287400766550256,-0.023208019599318504,0.07120915511687019,-0.4552086293697357,0.3360556662082672,0.329,0.671,0.15460272836449965,False,0.03910549796148937,10078,6094,12.628979323925172,2.0,2606.0
19,19,1000019,mu_1,1.0,1000,10519,10.519,-0.004750504422554942,0.02079249409586191,0.7644174605154673,-1.0,1.0,0.532,0.468,0.8709915193112295,True,0.8236965044094938,10519,51119,1.0,1.0,1.0
19,19,1000019,mu_01,0.1,1000,10519,10.519,-0.004750504422554942,0.008234940469264984,0.9719531198834634,-1.0,1.0,0.503,0.497,0.9852514338421695,True,0.29672640838649533,10519,6052,12.975049570389954,3.0,1832.0
20,20,1000020,mu_1,1.0,1000,10337,10.337,-0.015915498369726576,-0.07376819736510515,0.16493443792195173,-0.6791083216667175,0.8999999761581421,0.294,0.706,0.18941808179828598,False,0.050042441518218905,10337,51025,1.0,1.0,1.0
20,20,1000020,mu_01,0.1,1000,10337,10.337,-0.015915498369726576,-0.1293013492897153,0.0763830246808181,-0.5196987986564636,0.2606108486652374,0.04,0.96,0.2048892243245434,False,0.010570526993180089,10337,5944,13.438593539703904,2.0,2796.0
21,21,1000021,mu_1,1.0,1000,9997,9.997,0.007330593769317697,0.03767561645805836,0.1459985812468754,-0.8999999761581421,0.7906544208526611,0.61,0.39,0.15819604886314614,False,0.05768627177872188,9997,50868,1.0,1.0,1.0
21,21,1000021,mu_01,0.1,1000,9997,9.997,0.007330593769317697,0.04957996159791946,0.0870798142626864,-0.5710853338241577,0.6529718637466431,0.753,0.247,0.11548489054200424,False,0.03496188882990518,9997,5937,13.43237325248442,2.0,2183.0
22,22,1000022,mu_1,1.0,1000,10094,10.094,-0.009271801772151292,-0.08278569775819779,0.16351270507730997,-0.7959107160568237,0.6999999284744263,0.26,0.74,0.18327459243588673,False,0.05326510093343639,10094,50649,1.0,1.0,1.0
22,22,1000022,mu_01,0.1,1000,10094,10.094,-0.009271801772151292,-0.3295528395175934,0.8619179645653274,-1.0,1.0,0.3,0.7,0.9824095380442601,True,0.4623536334975974,10094,6163,12.408404997566121,2.0,1718.0
23,23,1000023,mu_1,1.0,1000,10226,10.226,0.015521295684979862,0.07299958622455596,0.21087560329830154,-1.0,0.8999999761581421,0.664,0.336,0.22352382847911043,False,0.18524947279666507,10226,50825,1.0,1.0,1.0
23,23,1000023,mu_01,0.1,1000,10226,10.226,0.015521295684979862,-0.05951432255655527,0.07794015841866186,-0.4274340271949768,0.39743855595588684,0.181,0.819,0.18093983013591883,False,0.020511351231056327,10226,5981,12.950008359806052,2.0,1744.0
24,24,1000024,mu_1,1.0,1000,10347,10.347,-0.006443277727267905,0.11797391685843468,0.15295037789969915,-0.7999999523162842,0.829012393951416,0.812,0.188,0.17591690174596988,False,0.07126101451019526,10347,51016,1.0,1.0,1.0
24,24,1000024,mu_01,0.1,1000,10347,10.347,-0.006443277727267905,0.08510843880474567,0.09396636132250596,-0.3545377254486084,0.7017133235931396,0.867,0.133,0.1382674024463356,False,0.030934573611564774,10347,6005,13.308742714404662,2.0,2260.0
25,25,1000025,mu_1,1.0,1000,10291,10.291,0.021884776927314546,0.15675487965345383,0.2866478006647378,-1.0,1.0,0.762,0.238,0.4410572069504291,False,0.35163954821479815,10291,50962,1.0,1.0,1.0
25,25,1000025,mu_01,0.1,1000,10291,10.291,0.021884776927314546,-0.03175268773734569,0.08784186485631432,-0.43059003353118896,0.4040296971797943,0.334,0.666,0.2148991343911085,False,0.037995537614179835,10291,6166,12.842685695750893,2.0,3376.0
26,26,1000026,mu_1,1.0,1000,10276,10.276,-0.021991435356784068,-0.006465898081660271,0.15789677378424335,-1.0,0.6999999284744263,0.496,0.504,0.16235390156318327,False,0.05991601856731527,10276,51129,1.0,1.0,1.0
26,26,1000026,mu_01,0.1,1000,10276,10.276,-0.021991435356784068,-0.046256443448364735,0.08367764715005996,-0.4247058033943176,0.3832601010799408,0.235,0.765,0.16692378267459493,False,0.041467691144244874,10276,5980,13.009197324414716,2.0,1560.0
27,27,1000027,mu_1,1.0,1000,10221,10.221,-0.012813163559766721,-0.052394113518297675,0.17574951858461807,-0.967434823513031,1.0,0.338,0.662,0.170625858968491,False,0.08428518386556462,10221,51074,1.0,1.0,1.0
27,27,1000027,mu_01,0.1,1000,10221,10.221,-0.012813163559766721,-0.17421906915307045,0.9466226424910357,-1.0,1.0,0.405,0.595,0.9834992456209195,True,0.3993845469381525,10221,5843,13.165326031148382,2.0,1839.0
28,28,1000028,mu_1,1.0,1000,10249,10.249,-0.011672500242829937,-0.15457881689071656,0.16288073266435568,-0.8575348258018494,0.8999999761581421,0.135,0.865,0.15732460968467016,False,0.06748785007117875,10249,51031,1.0,1.0,1.0
28,28,1000028,mu_01,0.1,1000,10249,10.249,-0.011672500242829937,-0.00026322802156209944,0.07603743972358448,-0.27350783348083496,0.37816956639289856,0.495,0.505,0.23462909779266042,False,0.04862015588661671,10249,6046,12.8169037380086,2.0,1986.0
29,29,1000029,mu_1,1.0,1000,10107,10.107,-0.008319405598677084,-0.029659841269254684,0.540721004058337,-1.0,1.0,0.43,0.57,0.665449149216103,True,0.7857905976145175,10107,50923,1.0,1.0,1.0
29,29,1000029,mu_01,0.1,1000,10107,10.107,-0.008319405598677084,-0.15623972007632256,0.08202899145072344,-0.8574581742286682,0.44778648018836975,0.031,0.969,0.08698433703218948,False,0.025868680252706597,10107,6022,12.715875124543341,2.0,2855.0
30,30,1000030,mu_1,1.0,1000,10077,10.077,-0.00538550162812359,0.0010456284061074257,0.17468592507602104,-0.908698320388794,0.8959629535675049,0.494,0.506,0.15400997334715552,False,0.08340010532247204,10077,50847,1.0,1.0,1.0
30,30,1000030,mu_01,0.1,1000,10077,10.077,-0.00538550162812359,-0.04373158067464829,0.09372629242151118,-0.8000023365020752,0.512251079082489,0.279,0.721,0.15141290598053303,False,0.034190312926340616,10077,5850,13.429230769230768,2.0,1488.0
31,31,1000031,mu_1,1.0,1000,10097,10.097,0.0258044271599001,0.13824682704359292,0.1752732989848764,-1.0,0.7301563024520874,0.834,0.166,0.27833386720539777,False,0.06532811865768447,10097,51060,1.0,1.0,1.0
31,31,1000031,mu_01,0.1,1000,10097,10.097,0.0258044271599001,0.10768012777715921,0.08387569071306618,-0.44829675555229187,0.5240521430969238,0.922,0.078,0.13160124407518542,False,0.026085478557268994,10097,5955,13.336020151133502,2.0,2098.0
32,32,1000032,mu_1,1.0,1000,10468,10.468,-0.011577939681869147,0.04777955886721611,0.40021881169225787,-1.0,1.0,0.511,0.489,0.47964655880280765,False,0.6089354289558712,10468,51116,1.0,1.0,1.0
32,32,1000032,mu_01,0.1,1000,10468,10.468,-0.011577939681869147,0.06329265183210372,0.9609900487172461,-1.0,1.0,0.535,0.465,0.9816959493043598,True,0.3029754564293255,10468,5961,13.123133702398926,3.0,1947.0
33,33,1000033,mu_1,1.0,1000,10259,10.259,-0.001460994049417366,-0.042611759133636955,0.16509716434941132,-0.8900265693664551,0.6628917455673218,0.351,0.649,0.17802541466300517,False,0.05751215527027186,10259,50919,1.0,1.0,1.0
33,33,1000033,mu_01,0.1,1000,10259,10.259,-0.001460994049417366,-0.011764399893581867,0.0721649629997465,-0.3587954044342041,0.32786378264427185,0.437,0.563,0.19777452623802944,False,0.04050405881812977,10259,6056,13.01453104359313,2.0,1995.0
34,34,1000034,mu_1,1.0,1000,10348,10.348,-0.0275331158288296,-0.11705349988490343,0.15920457053349485,-0.8999999761581421,0.8999999761581421,0.189,0.811,0.1511926074526734,False,0.04573910414200394,10348,50954,1.0,1.0,1.0
34,34,1000034,mu_01,0.1,1000,10348,10.348,-0.0275331158288296,-0.1429011256918311,0.09614242529675657,-0.6401603817939758,0.7076691389083862,0.054,0.946,0.11435492241557522,False,0.03220878818266401,10348,6102,12.848738118649623,2.0,2337.0
35,35,1000035,mu_1,1.0,1000,10246,10.246,0.01649561057552212,0.00562060771882534,0.148562817913125,-0.5952256917953491,0.8999999761581421,0.516,0.484,0.18171819873738287,False,0.0746691707335429,10246,51065,1.0,1.0,1.0
35,35,1000035,mu_01,0.1,1000,10246,10.246,0.01649561057552212,-0.18871273805201053,0.07945670618681613,-0.5459176898002625,0.2832717299461365,0.021,0.979,0.20129674157521518,False,0.009229367849463299,10246,6049,12.532319391634982,2.0,2416.0
36,36,1000036,mu_1,1.0,1000,10305,10.305,-0.0035106750092324442,-0.02526808064430952,0.1370183738875371,-0.5999999046325684,0.4781497120857239,0.431,0.569,0.24456536679272683,False,0.05545532450875185,10305,50991,1.0,1.0,1.0
36,36,1000036,mu_01,0.1,1000,10305,10.305,-0.0035106750092324442,0.24955432238429784,0.08060504186915891,-0.08413219451904297,0.6499538421630859,0.989,0.011,0.17786312933445803,False,-0.010713686126557912,10305,6028,11.777704047777041,2.0,1587.0
37,37,1000037,mu_1,1.0,1000,10100,10.1,-0.02215237215083962,-0.09862020298093557,0.16262316886265954,-0.7015684247016907,0.484677255153656,0.229,0.771,0.22835638014444762,False,0.07979817577587366,10100,51042,1.0,1.0,1.0
37,37,1000037,mu_01,0.1,1000,10100,10.1,-0.02215237215083962,-0.2422691619247198,0.09200692143267361,-0.7727878093719482,0.9585013389587402,0.01,0.99,0.17507521502627302,False,-0.00861475799711019,10100,6051,12.647826805486696,2.0,1734.0
38,38,1000038,mu_1,1.0,1000,10423,10.423,-0.018231807032362806,0.004629079878330231,0.8821157809869059,-1.0,1.0,0.505,0.495,0.9482253362284279,True,0.6628858826543816,10423,51117,1.0,1.0,1.0
38,38,1000038,mu_01,0.1,1000,10423,10.423,-0.018231807032362806,0.1531538268327713,0.960054967365911,-1.0,1.0,0.583,0.417,0.9863710561952944,True,0.3128992988240982,10423,6000,13.045333333333334,3.0,2109.0
39,39,1000039,mu_1,1.0,1000,10127,10.127,0.0114431706780421,-0.02167422740906477,0.16362330063777675,-1.0,0.761561393737793,0.446,0.554,0.17163376455247942,False,0.11873484133553038,10127,51007,1.0,1.0,1.0
39,39,1000039,mu_01,0.1,1000,10127,10.127,0.0114431706780421,0.029761630587279795,0.08145647991631402,-0.32045668363571167,0.6497833132743835,0.654,0.346,0.19809986535592883,False,0.05408367202360557,10127,5942,13.331538202625378,2.0,2194.0
40,40,1000040,mu_1,1.0,1000,10153,10.153,-0.014311426430616923,-0.12934635426104069,0.18062030416152866,-1.0,0.8999999761581421,0.192,0.808,0.16526497574981874,False,0.0935136002298214,10153,51152,1.0,1.0,1.0
40,40,1000040,mu_01,0.1,1000,10153,10.153,-0.014311426430616923,-0.1073433264195919,0.08369947335874267,-0.45313704013824463,0.2205723524093628,0.09,0.91,0.23150159804302234,False,0.01194338314083805,10153,6013,13.175952103775154,2.0,1348.0
41,41,1000041,mu_1,1.0,1000,10330,10.33,0.028360797726387648,0.12068778695166112,0.2248131639871348,-1.0,0.9023199081420898,0.728,0.272,0.2736176568372987,False,0.2479269730231121,10330,51093,1.0,1.0,1.0
41,41,1000041,mu_01,0.1,1000,10330,10.33,0.028360797726387648,0.06403968176990747,0.08148149575603465,-0.3134341239929199,0.451297789812088,0.827,0.173,0.20403098717376197,False,0.032936025057004555,10330,6048,13.168320105820106,2.0,2431.0
42,42,1000042,mu_1,1.0,1000,10175,10.175,0.02070805175203177,0.14559649720788,0.17161606055804646,-0.7871715426445007,1.0,0.833,0.167,0.17790533718151166,False,0.06432875271844468,10175,51153,1.0,1.0,1.0
42,42,1000042,mu_01,0.1,1000,10175,10.175,0.02070805175203177,0.3676133049875498,0.096933526922256,-1.0,0.9701640605926514,0.998,0.002,0.18341227558574263,False,-0.0009443799556312691,10175,6057,12.657751362060425,2.0,2724.0
43,43,1000043,mu_1,1.0,1000,10059,10.059,0.003932302884070072,0.035540372386574745,0.16480600779045393,-0.8999999761581421,0.6311087608337402,0.622,0.378,0.20095510618707,False,0.07414214512930524,10059,51150,1.0,1.0,1.0
43,43,1000043,mu_01,0.1,1000,10059,10.059,0.003932302884070072,0.023341758251190184,0.08439692011568393,-0.25396329164505005,0.44381752610206604,0.646,0.354,0.22123952267883223,False,0.04763682909598771,10059,6163,12.66980366704527,2.0,3596.0
44,44,1000044,mu_1,1.0,1000,10102,10.102,-0.005470859484757748,-0.1863670630902052,0.17883520016893456,-0.9239349365234375,1.0,0.127,0.873,0.17220221688044215,False,0.10319509118459243,10102,51109,1.0,1.0,1.0
44,44,1000044,mu_01,0.1,1000,10102,10.102,-0.005470859484757748,-0.00018252775073051452,0.07786281135682435,-0.4700859487056732,0.30810922384262085,0.475,0.525,0.1570402966178293,False,0.029675664224932483,10102,5885,13.397111299915037,2.0,2225.0
45,45,1000045,mu_1,1.0,1000,10161,10.161,0.010222272580161808,0.09485386608541012,0.7908056363313136,-1.0,1.0,0.571,0.429,0.901910975662686,True,0.7834486526861059,10161,51071,1.0,1.0,1.0
45,45,1000045,mu_01,0.1,1000,10161,10.161,0.010222272580161808,-0.11056849181652069,0.9585598466552282,-1.0,1.0,0.436,0.564,0.9833976062778482,True,0.3213604691651032,10161,6049,13.001157216068771,3.0,1674.0
46,46,1000046,mu_1,1.0,1000,10088,10.088,-0.013494836726174688,-0.0449524484872818,0.6897202334303764,-1.0,1.0,0.468,0.532,0.8069472916912034,True,0.821007637198004,10088,51054,1.0,1.0,1.0
46,46,1000046,mu_01,0.1,1000,10088,10.088,-0.013494836726174688,-0.024854619681835173,0.9669792506257294,-1.0,1.0,0.48,0.52,0.9832702676456184,True,0.30871682776094206,10088,5872,13.35899182561308,3.0,1844.0
47,47,1000047,mu_1,1.0,1000,10045,10.045,-0.014282749675840012,-0.12454386992752552,0.7943265891113289,-1.0,1.0,0.378,0.622,0.9212037422546969,True,0.7650390765897567,10045,51018,1.0,1.0,1.0
47,47,1000047,mu_01,0.1,1000,10045,10.045,-0.014282749675840012,-0.12071813276410102,0.9543870138539711,-1.0,1.0,0.428,0.572,0.983399634265197,True,0.2925066420482175,10045,5949,13.280719448646831,3.0,2116.0
48,48,1000048,mu_1,1.0,1000,10234,10.234,0.014722557782171245,0.12951109271496533,0.15277716265762337,-0.8999999761581421,0.7868089079856873,0.837,0.163,0.1840148023528481,False,0.05326559411797385,10234,50916,1.0,1.0,1.0
48,48,1000048,mu_01,0.1,1000,10234,10.234,0.014722557782171245,0.07586153014004231,0.07768943353606536,-0.285422682762146,0.3613048791885376,0.857,0.143,0.22735678569405884,False,0.04077192119447439,10234,5987,13.408050776682813,2.0,2047.0
49,49,1000049,mu_1,1.0,1000,10194,10.194,-0.0492977788072087,-0.14970088613033294,0.18031883262121973,-1.0,0.8999999761581421,0.147,0.853,0.17598242810811193,False,0.05627314615758332,10194,50872,1.0,1.0,1.0
49,49,1000049,mu_01,0.1,1000,10194,10.194,-0.0492977788072087,-0.23605826592445373,0.9191352959314908,-1.0,1.0,0.365,0.635,0.9829133126760763,True,0.4028825333741266,10194,5889,13.178977755136696,2.0,1669.0
