n_worlds,synthetic_fraction,activity_multiplier,mean_D,ci95_low,ci95_high,ci95_half_width,absolute_difference_from_final_mean
100,0.01,1.0,-0.00017801374599046008,-0.001448610226611623,0.001092582734630703,0.001270596480621163,0.0001822105722615343
100,0.01,2.0,0.0011497643191792119,-0.0005864800173366988,0.0028860086556951226,0.0017362443365159107,0.0007520019081292541
100,0.01,3.0,0.0016721109284071492,-0.0007519957554994099,0.0040962176123137085,0.002424106683906559,0.0012775068768111075
100,0.01,5.0,-0.0020808588350641672,-0.005451814137869254,0.00129009646774092,0.003370955302805087,0.0020453130360531258
100,0.01,7.5,-0.003336246530935324,-0.0072455782873152245,0.0005730852254445759,0.0039093317563799,0.0016471758763845527
100,0.01,10.0,-0.005086769111808593,-0.009602475329752863,-0.0005710628938643235,0.00451570621794427,0.00034820495763000173
100,0.01,15.0,-0.018687994545202372,-0.024421212805202548,-0.012954776285202195,0.005733218260000178,0.004971567414905738
100,0.05,1.0,-0.0005724299656618763,-0.0033173311116620036,0.0021724711803382513,0.0027449011460001275,0.0006499473853003257
100,0.05,2.0,0.003242184722912872,-0.0013464859440017346,0.007830855389827479,0.004588670666914606,0.001971410270663562
100,0.05,3.0,0.0011985895863673554,-0.00434591989218672,0.006743099064921431,0.005544509478554075,0.0006009187632583825
100,0.05,5.0,0.0034665622821066643,-0.0030000587600173957,0.009933183324230724,0.00646662104212406,0.002814556893848722
100,0.05,7.5,-0.006699552913994128,-0.012519346203572226,-0.0008797596244160292,0.005819793289578099,0.0015504904744424288
100,0.05,10.0,-0.013507292633333395,-0.02118480887302681,-0.005829776393639982,0.007677516239693413,0.00047238184213462854
100,0.05,15.0,-0.02703996568413696,-0.03490935471981506,-0.019170576648458868,0.007869389035678093,0.0038866092060069225
100,0.1,1.0,0.004259418658116258,-0.0007593851243832246,0.009278222440615741,0.005018803782499482,0.00411854393033762
100,0.1,2.0,0.0021154296365532878,-0.0033027901611950112,0.007533649434301587,0.005418219797748299,0.0002951153413668314
100,0.1,3.0,0.0052092872283107765,-0.0015544858053142784,0.011973060261935831,0.006763773033625055,0.0032684759460781232
100,0.1,5.0,-0.002542282823307921,-0.010822432544625709,0.0057378668980098664,0.008280149721317787,0.0028443928772640746
100,0.1,7.5,-0.006331120720223686,-0.013637807527436313,0.000975566086988941,0.007306686807212627,0.0005498566620721129
100,0.1,10.0,-0.013836893379346057,-0.021945538329672252,-0.005728248429019863,0.008108644950326194,0.0013041294532729099
100,0.1,15.0,-0.03202935843471453,-0.03909459671010908,-0.02496412015931998,0.007065238275394547,0.0019801051486221105
100,0.15,1.0,0.0037309933011355355,-0.0018851873467473474,0.009347173949018418,0.005616180647882883,0.003433688939296128
100,0.15,2.0,-0.0004313163181201035,-0.006976437885089814,0.0061138052488496075,0.006545121566969711,0.0035274089844182133
100,0.15,3.0,0.0009838678461390016,-0.006698149086325048,0.008665884778603052,0.00768201693246405,0.0024545889154505254
100,0.15,5.0,-0.002040183209357376,-0.010081961724812613,0.006001595306097861,0.008041778515455237,0.0020421394115497904
100,0.15,7.5,-0.009015959623681282,-0.017222230226156002,-0.0008096890212065614,0.008206270602474721,0.0018661149879356
100,0.15,10.0,-0.016702843050261946,-0.023706036854077274,-0.009699649246446618,0.007003193803815329,0.002424287347461255
100,0.15,15.0,-0.02943560992941533,-0.03544611748679532,-0.023425102372035343,0.006010507557379989,0.0041911294785602
100,0.2,1.0,0.001745945559331917,-0.004177291959886223,0.0076691830785500575,0.00592323751921814,0.00165786788925889
100,0.2,2.0,0.009903096131247301,0.002756815326047527,0.017049376936447078,0.0071462808051997746,0.006662534736339286
100,0.2,3.0,-0.0001222577214003634,-0.007746004160339053,0.007501488717538325,0.007623746438938689,0.0038276422683948827
100,0.2,5.0,-0.0017157270746153825,-0.009416420878476396,0.005984966729245631,0.007700693803861014,0.0014629878708883378
100,0.2,7.5,-0.014838712342292473,-0.021255914222256346,-0.008421510462328597,0.006417201879963875,0.007888017826294327
100,0.2,10.0,-0.013998727505334384,-0.020752731802790338,-0.007244723207878432,0.006754004297455952,0.00098460878618312
100,0.2,15.0,-0.023002927934784673,-0.028589704042399043,-0.017416151827170302,0.005586776107614371,0.002353626381029865
100,0.25,1.0,0.003571300788066455,-0.0025704311491473613,0.009713032725280272,0.006141731937213816,0.0037804415877428113
100,0.25,2.0,0.0016663622171934473,-0.005319613089572222,0.008652337523959117,0.0069859753067656695,0.001887317444059269
100,0.25,3.0,0.0029223635909586703,-0.004165368014810355,0.010010095196727695,0.007087731605769025,0.00025865553971712255
100,0.25,5.0,0.004933442469337695,-0.002340354237855659,0.012207239176531048,0.007273796707193354,0.005554994038376315
100,0.25,7.5,-0.007833895729237343,-0.01442581986304799,-0.0012419715954266955,0.006591924133810647,0.0013624410490703101
100,0.25,10.0,-0.010079107723504295,-0.016377913068641916,-0.003780302378366673,0.006298805345137622,0.0005735278880216917
100,0.25,15.0,-0.016099032618363304,-0.02096904895916108,-0.011229016277565526,0.0048700163407977785,0.00031554394979363756
500,0.01,1.0,-0.00022215827677775273,-0.0007769819707556008,0.00033266541720009543,0.0005548236939778481,0.00022635510304882696
500,0.01,2.0,4.055099720599559e-05,-0.000739458342670989,0.0008205603370829803,0.0007800093398769846,0.00035721141384396227
500,0.01,3.0,0.0003603211470094918,-0.0007602492479051781,0.0014808915419241618,0.00112057039491467,3.428290458654999e-05
500,0.01,5.0,-0.0007488748635137145,-0.002232609697706274,0.000734859970678845,0.0014837348341925594,0.0007133290645026729
500,0.01,7.5,-0.0022852024972198712,-0.004111194728700186,-0.0004592102657395565,0.0018259922314803148,0.0005961318426690998
500,0.01,10.0,-0.005969366975267988,-0.007924613741648932,-0.004014120208887044,0.001955246766380944,0.0012308028210893966
500,0.01,15.0,-0.013736958055846992,-0.01618208375423589,-0.011291832357458096,0.0024451256983888973,2.0530925550358084e-05
500,0.05,1.0,-0.0004643330233445282,-0.0017747240772685398,0.0008460580305794835,0.0013103910539240117,0.0005418504429829776
500,0.05,2.0,0.0031018784624998914,0.0011132319741637285,0.005090524950836055,0.001988646488336163,0.0018311040102505817
500,0.05,3.0,-0.0006175260877885251,-0.0028989639662023326,0.0016639117906252822,0.0022814378784138073,0.002417034437414263
500,0.05,5.0,0.0024243941499472728,-0.0005988063423088353,0.005447594642203381,0.003023200492256108,0.0017723887616893307
500,0.05,7.5,-0.005078637234976094,-0.008274955118650881,-0.0018823193513013057,0.003196317883674788,7.042520457560542e-05
500,0.05,10.0,-0.012328819440114241,-0.015646141935432505,-0.009011496944795978,0.0033173224953182627,0.000706091351084525
500,0.05,15.0,-0.030368458334982796,-0.03372875715139875,-0.027008159518566836,0.00336029881641596,0.0005581165551610881
500,0.1,1.0,-0.0009049006272881057,-0.002891553944592206,0.0010817526900159945,0.0019866533173041,0.0010457753550667435
500,0.1,2.0,0.0003943356659624534,-0.0020706159437091248,0.002859287275634032,0.0024649516096715784,0.001425978629224003
500,0.1,3.0,0.002830867401063658,4.4169607013327776e-05,0.005617565195113988,0.00278669779405033,0.0008900561188310047
500,0.1,5.0,0.0006936902079432123,-0.0026321275260810123,0.004019507941967437,0.0033258177340242247,0.0003915801539870585
500,0.1,7.5,-0.006407360668150751,-0.009795436524736256,-0.0030192848115652452,0.0033880758565855056,0.0004736167141450483
500,0.1,10.0,-0.015187868379636853,-0.018725681526193964,-0.011650055233079742,0.0035378131465571114,4.684554701788607e-05
500,0.1,15.0,-0.029254136569149804,-0.032291547180310916,-0.02621672595798869,0.003037410611161114,0.0007951167169426149
500,0.15,1.0,-0.0003912969503390791,-0.002710668999504829,0.001928075098826671,0.00231937204916575,0.0006886013121784865
500,0.15,2.0,0.002591285873315137,-0.0004285511259508406,0.005611122872581115,0.0030198369992659774,0.0005048067929829731
500,0.15,3.0,0.0020863329831127967,-0.001256873829620715,0.005429539795846308,0.0033432068127335116,0.0013521237784767303
500,0.15,5.0,-0.0011125058759601754,-0.004653895770544472,0.0024288840186241214,0.0035413898945842967,0.00111446207815259
500,0.15,7.5,-0.006048749128515923,-0.009431556756578256,-0.002665941500453589,0.0033828076280623337,0.0011010955072297598
500,0.15,10.0,-0.01437468489675825,-0.017556993899015678,-0.011192375894500823,0.003182309002257427,9.61291939575587e-05
500,0.15,15.0,-0.02751034878304267,-0.030150206359623934,-0.024870491206461405,0.0026398575765812656,0.0022658683321875386
500,0.2,1.0,-0.000688897854625062,-0.003215004827236123,0.0018372091179859988,0.002526106972611061,0.000776975524698089
500,0.2,2.0,0.004359083002853597,0.0013003415554470941,0.0074178244502601,0.003058741447406503,0.0011185216079455818
500,0.2,3.0,0.005011238818030275,0.0015486404827437911,0.008473837153316758,0.003462598335286484,0.0013058542710357554
500,0.2,5.0,-2.672213181210559e-05,-0.0033877013270963365,0.003334257063472125,0.0033609791952842307,0.00022601707191493903
500,0.2,7.5,-0.009472778715737842,-0.012610624516360032,-0.006334932915115651,0.0031378458006221907,0.002522084199739696
500,0.2,10.0,-0.013975178368470356,-0.01681143069635252,-0.011138926040588191,0.0028362523278821646,0.0009610596493190918
500,0.2,15.0,-0.02235987441635471,-0.024805202418313837,-0.019914546414395582,0.0024453280019591287,0.0017105728625999017
500,0.25,1.0,-0.0006107907312799688,-0.0032799904540097326,0.002058408991449795,0.0026691997227297638,0.0004016499316036124
500,0.25,2.0,0.003880444882569283,0.0006147376512911609,0.007146152113847405,0.003265707231278122,0.00032676522131656676
500,0.25,3.0,0.0033979045940454706,4.370050471634319e-05,0.006752108683374598,0.0033542040893291274,0.0002168854633696777
500,0.25,5.0,0.002143530289368144,-0.001031913970444756,0.005318974549181043,0.0031754442598129,0.002765081858406764
500,0.25,7.5,-0.005647490699368507,-0.008736818099009946,-0.0025581632997270683,0.003089327399641439,0.0008239639807985253
500,0.25,10.0,-0.01224136844153604,-0.014951414978371163,-0.009531321904700915,0.002710046536835124,0.0015887328300100527
500,0.25,15.0,-0.015962268215019098,-0.018164436752020716,-0.01376009967801748,0.002202168537001618,0.00045230835313784384
1000,0.01,1.0,-9.402492237489289e-05,-0.000548271400329707,0.0003602215555799213,0.0004542464779548142,9.822174864596711e-05
1000,0.01,2.0,0.00043337863911053175,-0.00017274770952280477,0.0010395049877438682,0.0006061263486333365,3.561622806057388e-05
1000,0.01,3.0,7.66323370995603e-06,-0.000771201658536805,0.0007865281259567169,0.000778864892246761,0.00038694081788608574
1000,0.01,5.0,-4.433073948065691e-05,-0.0010930511149797111,0.0010043896360183975,0.0010487203754990543,8.784940469615307e-06
1000,0.01,7.5,-0.0017154173706210986,-0.003022605749692592,-0.0004082289915496053,0.0013071883790714933,2.6346716070327174e-05
1000,0.01,10.0,-0.005276117844756468,-0.006678414377164012,-0.003873821312348924,0.0014022965324075442,0.0005375536905778766
1000,0.01,15.0,-0.013968632159282571,-0.015749073063936372,-0.01218819125462877,0.0017804409046538014,0.00025220502898593705
1000,0.05,1.0,-8.955252507311931e-05,-0.0010824453461403696,0.0009033402959941311,0.0009928928210672504,0.00016706994471156873
1000,0.05,2.0,0.001626421677867413,0.00025038855618578107,0.003002454799549045,0.001376033121681632,0.00035564722561810336
1000,0.05,3.0,0.0011562606210767019,-0.00046207788431093977,0.0027745991264643433,0.0016183385053876417,0.000643247728549036
1000,0.05,5.0,0.0015703655169291592,-0.00047841649739860663,0.0036191475312569252,0.002048782014327766,0.000918360128671217
1000,0.05,7.5,-0.006581269687008634,-0.008915431980101578,-0.00424710739391569,0.002334162293092944,0.0014322072474569347
1000,0.05,10.0,-0.012394874169996661,-0.014774768336051201,-0.01001498000394212,0.0023798941660545412,0.0006400366212021055
1000,0.05,15.0,-0.03110164835608016,-0.03353331606812519,-0.028669980644035135,0.0024316677120450256,0.00017507346593627696
1000,0.1,1.0,-0.0005455622172106572,-0.0019359121110233283,0.000844787676602014,0.0013903498938126712,0.0006864369449892949
1000,0.1,2.0,0.0014948323343970506,-0.00022496110067637357,0.003214625769470475,0.0017197934350734242,0.0003254819607894058
1000,0.1,3.0,0.0010716073923688924,-0.0009876566676399283,0.003130871452377713,0.0020592640600088207,0.0008692038898637608
1000,0.1,5.0,0.0015560254112953458,-0.0008221632180460824,0.003934214040636774,0.002378188629341428,0.001253915357339192
1000,0.1,7.5,-0.005759432715143649,-0.008231689641263532,-0.0032871757890237667,0.0024722569261198825,0.0011215446671521499
1000,0.1,10.0,-0.015776841440478778,-0.018213577607480862,-0.013340105273476696,0.002436736167002083,0.0006358186078598109
1000,0.1,15.0,-0.03071169110718703,-0.032877505727406574,-0.02854587648696748,0.0021658146202195466,0.0006624378210946108
1000,0.15,1.0,0.0001700653227806426,-0.0014799643394335542,0.0018200949849948393,0.0016500296622141968,0.0001272390390587647
1000,0.15,2.0,0.002812688001553207,0.000735097997465082,0.0048902780056413325,0.002077590004088125,0.0002834046647449029
1000,0.15,3.0,0.0030102975121837927,0.0006304336621408232,0.005390161362226762,0.0023798638500429695,0.00042815924940573435
1000,0.15,5.0,-0.00023475714465157277,-0.0027785381428889642,0.0023090238535858187,0.0025437809982373914,0.00023671334684398717
1000,0.15,7.5,-0.006631503790413965,-0.00912054079411672,-0.004142466786711209,0.002489037003702755,0.0005183408453317178
1000,0.15,10.0,-0.012955331961945225,-0.015120044361672308,-0.010790619562218143,0.0021647123997270827,0.0013232237408554656
1000,0.15,15.0,-0.026547934316262182,-0.028439212604252164,-0.0246566560282722,0.0018912782879899825,0.0013034538654070511
1000,0.2,1.0,-3.529753499241711e-05,-0.001868473468384132,0.001797878398399298,0.001833175933391715,0.00012337520506544415
1000,0.2,2.0,0.005111308714844811,0.002912986389054739,0.007309631040634883,0.002198322325790072,0.0018707473199367957
1000,0.2,3.0,0.005910922431346208,0.0035282165034994407,0.008293628359192975,0.002382705927846767,0.0022055378843516883
1000,0.2,5.0,-0.00045133963078823895,-0.002930302094064973,0.0020276228324884954,0.002478962463276734,0.00019860042706119435
1000,0.2,7.5,-0.008993489382024404,-0.011235913562104466,-0.006751065201944342,0.0022424241800800613,0.002042794866026258
1000,0.2,10.0,-0.013348866283590662,-0.01539012648210294,-0.011307606085078385,0.002041260198512277,0.0003347475644393978
1000,0.2,15.0,-0.021141158575071137,-0.02286620237523699,-0.019416114774905284,0.0017250438001658523,0.000491857021316329
1000,0.25,1.0,-1.9876957863037613e-05,-0.0019414514482506916,0.0019016975325246164,0.001921574490387654,0.00018926384181331882
1000,0.25,2.0,0.0034057893320815482,0.0010955038143495247,0.005716074849813572,0.0023102855177320235,0.0001478903291711681
1000,0.25,3.0,0.003726335357150198,0.0012835292760653635,0.006169141438235033,0.0024428060810848347,0.0005453162264744053
1000,0.25,5.0,0.000815238735092492,-0.0014953576992250504,0.003125835169410034,0.0023105964343175423,0.001436790304131112
1000,0.25,7.5,-0.005096161232708054,-0.007253495422074185,-0.002938827043341923,0.002157334189366131,0.0013752934474589784
1000,0.25,10.0,-0.011373136079732839,-0.013223590085437149,-0.00952268207402853,0.00185045400570431,0.0007205004682068524
1000,0.25,15.0,-0.01655128903766405,-0.018093844022404694,-0.015008734052923405,0.0015425549847406454,0.00013671246950710744
2000,0.01,1.0,-0.00013410351985691373,-0.0004505870950160903,0.0001823800553022628,0.0003164835751591765,0.00013830034612798795
2000,0.01,2.0,0.0005623408269258952,0.00011848767441955234,0.001006193979432238,0.00044385315250634286,0.00016457841587593733
2000,0.01,3.0,0.00012045494706541899,-0.0004348266927113075,0.0006757365868421455,0.0005552816397767265,0.00027414910453062277
2000,0.01,5.0,-0.00011578214222134228,-0.0008543747650645126,0.000622810480621828,0.0007385926228431703,8.023634321030068e-05
2000,0.01,7.5,-0.0016638441897886703,-0.0025665995645504417,-0.000761088815026899,0.0009027553747617713,2.5226464762101138e-05
2000,0.01,10.0,-0.004920769801857883,-0.005908668128456998,-0.003932871475258768,0.0009878983265991152,0.00018220564767929166
2000,0.01,15.0,-0.01361101611223078,-0.014864663457629445,-0.012357368766832116,0.0012536473453986646,0.00010541101806585407
2000,0.05,1.0,0.0001346868267898829,-0.0005769333628220862,0.0008463070164018521,0.0007116201896119692,5.716940715143348e-05
2000,0.05,2.0,0.0013094566016085029,0.0003666935748928901,0.0022522196283241156,0.0009427630267156128,3.868214935919315e-05
2000,0.05,3.0,0.0010777287408230394,-7.120879901046252e-05,0.0022266662806565414,0.001148937539833502,0.0007217796088026984
2000,0.05,5.0,0.00019496859383714694,-0.0012627343592901108,0.0016526715469644048,0.0014577029531272578,0.0004570367944207952
2000,0.05,7.5,-0.0065473208196068725,-0.008199704561681242,-0.004894937077532503,0.0016523837420743689,0.0013982583800551734
2000,0.05,10.0,-0.01222293975421762,-0.013888530563914831,-0.010557348944520407,0.001665590809697211,0.0008119710369811472
2000,0.05,15.0,-0.031315270892791174,-0.03305557206494418,-0.02957496972063817,0.0017403011721530035,0.0003886960026472895
2000,0.1,1.0,0.00015706317612968905,-0.0008252851402587959,0.001139411492518174,0.000982348316388485,1.618844835105134e-05
2000,0.1,2.0,0.0009945448976094323,-0.000224471106697261,0.002213560901916126,0.0012190160043066933,0.0008257693975770241
2000,0.1,3.0,0.0015480499090447623,8.817254898517749e-05,0.003007927269104347,0.0014598773600595848,0.0003927613731878909
2000,0.1,5.0,0.0008262593547656259,-0.000854394891980622,0.0025069136015118737,0.001680654246746248,0.0005241493008094722
2000,0.1,7.5,-0.006167142899191856,-0.007917055704040587,-0.004417230094343125,0.0017499128048487317,0.0007138344831039431
2000,0.1,10.0,-0.015258269914779023,-0.016953373269297384,-0.01356316656026066,0.001695103354518362,0.00011724708216005568
2000,0.1,15.0,-0.029859530554455577,-0.031451234683311007,-0.028267826425600148,0.0015917041288554278,0.0001897227316368412
2000,0.15,1.0,0.0009766690736120768,-0.00018633197562485855,0.002139670122849012,0.0011630010492369354,0.0006793647117726695
2000,0.15,2.0,0.0024255871140610535,0.0009950497430931736,0.0038561244850289335,0.0014305373709678799,0.0006705055522370565
2000,0.15,3.0,0.004118110359658199,0.002449193459603201,0.005787027259713197,0.0016689169000549983,0.0006796535980686724
2000,0.15,5.0,-0.000637855462741517,-0.0024133635676308984,0.0011376526421478647,0.0017755081048893815,0.0006398116649339314
2000,0.15,7.5,-0.005730804217608456,-0.00744419474608298,-0.004017413689133933,0.0017133905284745228,0.0014190404181372261
2000,0.15,10.0,-0.013585766110583942,-0.015158431540594545,-0.01201310068057334,0.001572665430010602,0.0006927895922167488
2000,0.15,15.0,-0.025133536841234295,-0.026492817279531237,-0.023774256402937354,0.0013592804382969417,0.00011094360962083522
2000,0.2,1.0,0.0008930428799521402,-0.0004003164429783666,0.002186402202882647,0.0012933593229305068,0.0008049652098791132
2000,0.2,2.0,0.005316007472139267,0.0037622519318340365,0.006869763012444498,0.0015537555403052307,0.0020754460772312517
2000,0.2,3.0,0.005196674292243774,0.0035077904675669385,0.00688555811692061,0.001688883824676836,0.001491289745249255
2000,0.2,5.0,0.0004197809179153665,-0.001328994478869938,0.002168556314700671,0.0017487753967853046,0.0006725201216424111
2000,0.2,7.5,-0.007660561040804442,-0.009237268325707058,-0.006083853755901826,0.0015767072849026166,0.0007098665248062965
2000,0.2,10.0,-0.012578518158014845,-0.014013048597164705,-0.011143987718864984,0.0014345304391498598,0.00043560056113641984
2000,0.2,15.0,-0.02059260577620133,-0.021786365442727426,-0.01939884610967523,0.0011937596665260982,5.6695777553478904e-05
2000,0.25,1.0,0.000679764432506418,-0.0006896142910413778,0.0020491431560542136,0.0013693787235477958,0.0008889052321827744
2000,0.25,2.0,0.0033860850074097057,0.001781589006422193,0.004990581008397219,0.0016044960009875128,0.00016759465384301063
2000,0.25,3.0,0.0032670798381252146,0.0015600019355248632,0.004974157740725566,0.0017070779026003514,8.606070744942174e-05
2000,0.25,5.0,-0.0001645640990535238,-0.0018376809325404957,0.0015085527344334483,0.001673116833486972,0.00045698746998509615
2000,0.25,7.5,-0.006177994823564132,-0.007687208697805575,-0.004668780949322689,0.0015092138742414426,0.00029345985660290085
2000,0.25,10.0,-0.010348754400622629,-0.011664792263386606,-0.009032716537858651,0.0013160378627639778,0.0003038812109033579
2000,0.25,15.0,-0.015943939322734725,-0.01701955091208313,-0.01486832773338632,0.0010756115893484056,0.0004706372454222167
5000,0.01,1.0,-0.000116023152016708,-0.0003173203015993072,8.527399756589123e-05,0.00020129714958259923,0.00012021997828778223
5000,0.01,2.0,0.0003766744166648025,8.985393097908509e-05,0.00066349490235052,0.0002868204856857174,2.1087994385155363e-05
5000,0.01,3.0,0.00013162803569589766,-0.0002205407211992241,0.0004837967925910194,0.00035216875689512175,0.0002629760159001441
5000,0.01,5.0,-0.00022648130936854988,-0.0006807567862737122,0.00022779416753661243,0.0004542754769051623,0.00019093551035750828
5000,0.01,7.5,-0.001880698049676836,-0.0024426180373721936,-0.0013187780619814788,0.0005619199876953573,0.00019162739512606467
5000,0.01,10.0,-0.0050932939413981864,-0.005734189209558974,-0.004452398673237399,0.0006408952681607876,0.0003547297872195949
5000,0.01,15.0,-0.013638686745259178,-0.01441968621704448,-0.012857687273473875,0.0007809994717853019,7.774038503745653e-05
5000,0.05,1.0,3.456394083166378e-05,-0.000413843967881688,0.0004829718495450155,0.00044840790871335175,4.2953478806785656e-05
5000,0.05,2.0,0.0011926521830238812,0.0005895028717386141,0.0017958014943091484,0.0006031493112852671,7.812226922542854e-05
5000,0.05,3.0,0.0013281087615970228,0.0006003464415937011,0.0020558710816003445,0.0007277623200033217,0.0004713995880287151
5000,0.05,5.0,0.000209133550530006,-0.0006966782898655977,0.0011149453909256096,0.0009058118403956037,0.0004428718377279362
5000,0.05,7.5,-0.005452854315873952,-0.0064938382792885125,-0.0044118703524593916,0.00104098396341456,0.0003037918763222529
5000,0.05,10.0,-0.012511180130819765,-0.013576800162394292,-0.011445560099245237,0.0010656200315745268,0.0005237306603790015
5000,0.05,15.0,-0.03100199633413991,-0.03210328656953256,-0.029900706098747256,0.0011012902353926535,7.542144399602657e-05
5000,0.1,1.0,0.00036397944162449246,-0.0002587871718194697,0.0009867460550684547,0.0006227666134439622,0.00022310471384585475
5000,0.1,2.0,0.0014294754378872938,0.0006427820631928231,0.0022161688125817646,0.0007866933746944707,0.00039083885729916256
5000,0.1,3.0,0.001616976010574988,0.0006926072744049473,0.0025413447467450287,0.0009243687361700407,0.0003238352716576653
5000,0.1,5.0,0.0006027852868981304,-0.0004600426816412205,0.0016656132554374813,0.0010628279685393508,0.00030067523294197656
5000,0.1,7.5,-0.006497290924697911,-0.007614456634363211,-0.005380125215032612,0.0011171657096652997,0.0003836864575978878
5000,0.1,10.0,-0.01504729467279148,-0.01614110548132799,-0.013953483864254967,0.0010938108085365124,9.372815982748757e-05
5000,0.1,15.0,-0.029969187020528146,-0.030973752326702766,-0.028964621714353527,0.0010045653061746197,8.006626556427213e-05
5000,0.15,1.0,0.0006023857502715323,-0.00013318354974128747,0.001337955050284352,0.0007355693000128198,0.00030508138843212497
5000,0.15,2.0,0.002831520545240337,0.001912391206414309,0.003750649884066365,0.000919129338826028,0.000264572121057773
5000,0.15,3.0,0.0038787999125998902,0.0028442152166404523,0.004913384608559328,0.001034584695959438,0.0004403431510103632
5000,0.15,5.0,-0.0001780602949663757,-0.0012918432246003986,0.0009357226346676473,0.001113782929634023,0.0001800164971587901
5000,0.15,7.5,-0.007137130576523586,-0.008226716063663214,-0.006047545089383958,0.0010895854871396282,1.2714059222096452e-05
5000,0.15,10.0,-0.014132970603810828,-0.015143230313888537,-0.013122710893733118,0.0010102597100777099,0.00014558509898986334
5000,0.15,15.0,-0.02501158561828587,-0.0258750813251152,-0.02414808991145654,0.0008634957068293289,0.0002328948325692609
5000,0.2,1.0,0.0005704340490036373,-0.00024836572129332526,0.0013892338193005997,0.0008187997702969625,0.0004823563789306103
5000,0.2,2.0,0.003653539374870222,0.002665292959051941,0.004641785790688503,0.0009882464158182814,0.00041297797996220657
5000,0.2,3.0,0.0037413092182859912,0.0026646402128328783,0.004817978223739104,0.0010766690054531132,3.592467129147174e-05
5000,0.2,5.0,-0.0003347947723129338,-0.0014238889230835995,0.0007542993784577318,0.0010890941507706656,8.205556858588919e-05
5000,0.2,7.5,-0.00770544927335676,-0.008707627857410763,-0.006703270689302756,0.001002178584054003,0.000754754757358614
5000,0.2,10.0,-0.013273281962740219,-0.014181599429255596,-0.012364964496224842,0.0009083174665153778,0.0002591632435889543
5000,0.2,15.0,-0.020646287521223702,-0.02140915035043414,-0.019883424692013266,0.0007628628292104348,3.0140325311053817e-06
5000,0.25,1.0,0.0001124289420615672,-0.0007671653102180099,0.0009920231943411444,0.0008795942522795771,0.00032156974173792364
5000,0.25,2.0,0.0031653970053090123,0.0021476430294232254,0.004183150981194799,0.0010177539758857866,0.0003882826559437041
5000,0.25,3.0,0.0030439675056097896,0.001959912678291683,0.004128022332927896,0.0010840548273181065,0.0001370516250660033
5000,0.25,5.0,-0.0006715539833205812,-0.001714633840015366,0.0003715258733742035,0.0010430798566947847,5.000241428196122e-05
5000,0.25,7.5,-0.00654365651113488,-0.007494343724892502,-0.005592969297377259,0.0009506872137576213,7.220183096784752e-05
5000,0.25,10.0,-0.010651198722850483,-0.011498328909361841,-0.009804068536339125,0.000847130186511358,1.4368886755034699e-06
5000,0.25,15.0,-0.016287479112267925,-0.016968695523562782,-0.015606262700973065,0.0006812164112948594,0.00012709745588901714
10000,0.01,1.0,4.1968262710742055e-06,-0.00014002567197648143,0.00014841932451862983,0.00014422249824755563,1.3552527156068805e-20
10000,0.01,2.0,0.00039776241104995787,0.0001918715734216591,0.0006036532486782566,0.00020589083762829878,0.0
10000,0.01,3.0,0.0003946040515960419,0.00014366294031843013,0.0006455451628736537,0.00025094111127761177,1.0842021724855044e-19
10000,0.01,5.0,-3.5545799011041615e-05,-0.00035794235714364407,0.0002868507591215608,0.00032239655813260244,1.3552527156068805e-20
10000,0.01,7.5,-0.0016890706545507719,-0.0020908052112128157,-0.0012873360978887282,0.00040173455666204366,4.336808689942018e-19
10000,0.01,10.0,-0.0047385641541785916,-0.005196632210186471,-0.004280496098170712,0.0004580680560078796,0.0
10000,0.01,15.0,-0.013716427130296636,-0.014266234038479358,-0.013166620222113914,0.0005498069081827208,1.734723475976807e-18
10000,0.05,1.0,7.751741963844943e-05,-0.00023459875218063072,0.00038963359145752956,0.00031211617181908015,0.0
10000,0.05,2.0,0.0012707744522493097,0.0008385985545758537,0.0017029503499227656,0.000432175897673456,0.0
10000,0.05,3.0,0.0017995083496257379,0.0012804837191199882,0.0023185329801314876,0.0005190246305057498,0.0
10000,0.05,5.0,0.0006520053882579422,1.5056299328265678e-05,0.0012889544771876186,0.0006369490889296765,0.0
10000,0.05,7.5,-0.005149062439551699,-0.005870970777292187,-0.004427154101811211,0.0007219083377404882,0.0
10000,0.05,10.0,-0.013034910791198766,-0.013792991987974942,-0.01227682959442259,0.0007580811967761755,0.0
10000,0.05,15.0,-0.030926574890143884,-0.03170101884678756,-0.03015213093350021,0.0007744439566436747,0.0
10000,0.1,1.0,0.0001408747277786377,-0.0002926162975186639,0.0005743657530759392,0.00043349102529730157,0.0
10000,0.1,2.0,0.0018203142951864564,0.0012610547266449154,0.0023795738637279974,0.0005592595685415409,0.0
10000,0.1,3.0,0.001940811282232653,0.0012870736387224496,0.0025945489257428564,0.0006537376435102035,2.168404344971009e-19
10000,0.1,5.0,0.00030211005395615375,-0.0004505822781484597,0.0010548023860607672,0.0007526923321046135,5.421010862427522e-20
10000,0.1,7.5,-0.006880977382295799,-0.007663706140882118,-0.0060982486237094805,0.0007827287585863188,0.0
10000,0.1,10.0,-0.015141022832618967,-0.01591606810408959,-0.014365977561148345,0.000775045271470622,0.0
10000,0.1,15.0,-0.03004925328609242,-0.030756029461950125,-0.029342477110234712,0.0007067761758577071,0.0
10000,0.15,1.0,0.0002973043618394073,-0.00021799059987029774,0.0008125993235491124,0.000515294961709705,0.0
10000,0.15,2.0,0.0030960926662981104,0.002448397324146696,0.0037437880084495246,0.0006476953421514144,4.336808689942018e-19
10000,0.15,3.0,0.003438456761589527,0.0027063827460334774,0.004170530777145577,0.0007320740155560498,0.0
10000,0.15,5.0,1.9562021924143913e-06,-0.0007845137337145626,0.0007884261380993914,0.000786469935906977,1.1011428314305904e-20
10000,0.15,7.5,-0.0071498446357456825,-0.007919685041392777,-0.0063800042300985885,0.000769840405647094,0.0
10000,0.15,10.0,-0.014278555702800691,-0.014996275962135765,-0.013560835443465617,0.0007177202593350736,0.0
10000,0.15,15.0,-0.025244480450855134,-0.025856689649285104,-0.024632271252425165,0.0006122091984299698,3.469446951953614e-18
10000,0.2,1.0,8.807767007302707e-05,-0.0004880097776163765,0.0006641651177624306,0.0005760874476894035,4.0657581468206416e-20
10000,0.2,2.0,0.003240561394908015,0.002543212220139041,0.003937910569676989,0.0006973491747689738,4.336808689942018e-19
10000,0.2,3.0,0.0037053845469945195,0.002949883528702756,0.0044608855652862826,0.0007555010182917635,0.0
10000,0.2,5.0,-0.0002527392037270446,-0.0010223881037597178,0.0005169096963056285,0.0007696489000326731,0.0
10000,0.2,7.5,-0.006950694515998146,-0.007666271346509835,-0.006235117685486456,0.0007155768305116893,0.0
10000,0.2,10.0,-0.013014118719151264,-0.013667312520128257,-0.012360924918174272,0.0006531938009769932,0.0
10000,0.2,15.0,-0.020649301553754804,-0.021187853225465618,-0.02011074988204399,0.0005385516717108152,3.469446951953614e-18
10000,0.25,1.0,-0.00020914079967635635,-0.0008285457256926494,0.00041026412633993675,0.0006194049260162931,8.131516293641283e-20
10000,0.25,2.0,0.0035536796612527155,0.002827328363806276,0.004280030958699155,0.0007263512974464396,8.673617379884035e-19
10000,0.25,3.0,0.003181019130675793,0.0024203165015948824,0.003941721759756703,0.0007607026290809102,0.0
10000,0.25,5.0,-0.00062155156903862,-0.001359471590858945,0.00011636845278170508,0.000737920021820325,0.0
10000,0.25,7.5,-0.006471454680167031,-0.00714975354447712,-0.005793155815856942,0.0006782988643100891,1.734723475976807e-18
10000,0.25,10.0,-0.010652635611525988,-0.011251335077196221,-0.010053936145855756,0.0005986994656702319,1.734723475976807e-18
10000,0.25,15.0,-0.016414576568156942,-0.01690155062447834,-0.015927602511835545,0.00048697405632139627,0.0
