synthetic_fraction,metric,baseline_activity,treatment_activity,n_worlds,mean_difference,std_difference,median_difference,ci95_low,ci95_high,t_statistic,p_raw,cohens_dz,fraction_difference_gt_0,p_holm,reject_holm_0_05
0.01,exposure_efficiency_gap,1.0,2.0,10000,0.1274249940864893,8.4616913948,0.7661595197062545,-0.038441187558119955,0.29329117573109853,1.5059045306804302,0.1321232715936106,0.015059045306804303,0.5575,0.6607893049909561,False
0.01,exposure_efficiency_gap,2.0,3.0,10000,-0.0914109170363969,6.312881648182564,0.16071467217991753,-0.21515610287499226,0.032334268802198474,-1.4480061900528973,0.14764667314265756,-0.014480061900528973,0.5152,0.6607893049909561,False
0.01,exposure_efficiency_gap,3.0,5.0,10000,-0.13687642651125545,5.016725962870421,0.13531855612885124,-0.23521435222786213,-0.03853850079464877,-2.728401501782227,0.006375328719872111,-0.02728401501782227,0.5132,0.06375328719872111,False
0.01,exposure_efficiency_gap,3.0,7.5,10000,-0.36454053293923006,4.776501213833011,-0.016144540171847854,-0.4581695700896742,-0.2709114957887859,-7.631957297184402,2.523286340937453e-14,-0.07631957297184402,0.4982,5.046572681874906e-13,True
0.01,exposure_efficiency_gap,3.0,10.0,10000,-0.6292754046510085,4.643645001801117,-0.17503234122714284,-0.720300192654404,-0.538250616647613,-13.551324539385188,1.8061447134881049e-41,-0.13551324539385187,0.4822,4.876590726417883e-40,True
0.01,exposure_efficiency_gap,3.0,15.0,10000,-1.2171885528876134,4.44741912388328,-0.6723359592316265,-1.3043669187525113,-1.1300101870227155,-27.368424674686853,4.303589280117011e-159,-0.27368424674686853,0.4214,1.8075074976491447e-157,True
0.01,exposure_efficiency_gap,5.0,7.5,10000,-0.22766410642797463,4.116008691788686,-0.12936936220004958,-0.30834616081518135,-0.14698205204076792,-5.5311862407423416,3.260795332082586e-08,-0.05531186240742341,0.4844,5.217272531332137e-07,True
0.01,exposure_efficiency_gap,7.5,10.0,10000,-0.2647348717117785,3.5524577442026555,-0.24354844775242857,-0.3343701933032537,-0.1950995501203033,-7.452161032564172,9.942884183522126e-14,-0.07452161032564172,0.4726,1.889147994869204e-12,True
0.01,exposure_efficiency_gap,10.0,15.0,10000,-0.587913148236605,3.1650052688302535,-0.4826136573462949,-0.6499536215098982,-0.5258726749633118,-18.575423997758158,9.484661517018415e-76,-0.1857542399775816,0.4334,3.3196315309564452e-74,True
0.05,exposure_efficiency_gap,1.0,2.0,10000,0.07150340380192435,3.833667689017109,0.2982259608206572,-0.0036441986812326965,0.1466510062850814,1.8651435023116645,0.06219056066923935,0.018651435023116645,0.5363,0.43533392468467547,False
0.05,exposure_efficiency_gap,2.0,3.0,10000,-0.005273256278402754,3.0390461938609925,0.08860627942758903,-0.06484467817250268,0.05429816561569717,-0.17351681883134792,0.8622487212841562,-0.0017351681883134794,0.5123,1.0,False
0.05,exposure_efficiency_gap,3.0,5.0,10000,-0.10552074675933912,2.620304999799411,-0.0384073194465091,-0.15688399847614076,-0.054157495042537473,-4.027040621890083,5.6900647456968994e-05,-0.04027040621890082,0.4946,0.0007397084169405969,True
0.05,exposure_efficiency_gap,3.0,7.5,10000,-0.37484835927114135,2.541785501813112,-0.2861658300393004,-0.42467247079622644,-0.32502424774605626,-14.747442654140317,1.0362820882978095e-48,-0.14747442654140316,0.4551,3.1088462648934283e-47,True
0.05,exposure_efficiency_gap,3.0,10.0,10000,-0.6728884895512555,2.4986977158647656,-0.5711803315623838,-0.7218679937517146,-0.6239089853507963,-26.929567561491837,2.8807397045906254e-154,-0.2692956756149184,0.4079,1.1522958818362502e-152,True
0.05,exposure_efficiency_gap,3.0,15.0,10000,-1.3027994884671932,2.4860291841298228,-1.1747778677918048,-1.3515306639485016,-1.2540683129858847,-52.404834858091505,0.0,-0.5240483485809151,0.3088,0.0,True
0.05,exposure_efficiency_gap,5.0,7.5,10000,-0.26932761251180226,2.3166534159091294,-0.2638629496238267,-0.3147386820441803,-0.22391654297942418,-11.625718834861166,4.8285167336354806e-31,-0.11625718834861166,0.454,1.0622736813998057e-29,True
0.05,exposure_efficiency_gap,7.5,10.0,10000,-0.2980401302801141,2.1466803831180052,-0.29036077293499396,-0.34011938627590504,-0.2559608742843232,-13.883768288189112,2.0072424480111812e-43,-0.1388376828818911,0.445,5.821003099232425e-42,True
0.05,exposure_efficiency_gap,10.0,15.0,10000,-0.6299109989159375,2.0516687619794007,-0.6460835634222448,-0.6701278359135824,-0.5896941619182926,-30.70237314078977,6.683555653449242e-198,-0.3070237314078977,0.3763,2.873928930983174e-196,True
0.1,exposure_efficiency_gap,1.0,2.0,10000,0.05974541284686052,2.844604636711992,0.2063714458444066,0.003985436813000343,0.11550538888072069,2.100306386194981,0.03572688060408362,0.021003063861949813,0.5324,0.3215419254367526,False
0.1,exposure_efficiency_gap,2.0,3.0,10000,-0.03777142483230608,2.364047295165821,-0.004177576121671134,-0.08411150978475301,0.008568660120140854,-1.5977440430038727,0.11013155083182602,-0.015977440430038726,0.4992,0.6607893049909561,False
0.1,exposure_efficiency_gap,3.0,5.0,10000,-0.08908234735598235,2.19015628478083,-0.043766857838943185,-0.13201381852553876,-0.046150876186425945,-4.067396832591646,4.7906110965053754e-05,-0.04067396832591646,0.491,0.0006706855535107525,True
0.1,exposure_efficiency_gap,3.0,7.5,10000,-0.3640317323960611,2.1518964159180993,-0.3032432058349812,-0.4062132331327104,-0.32185023165941185,-16.91678696535903,2.5598265549538715e-63,-0.1691678696535903,0.4405,8.703410286843162e-62,True
0.1,exposure_efficiency_gap,3.0,10.0,10000,-0.6725896185707072,2.156662249707941,-0.610432846101931,-0.714864539241527,-0.6303146978998874,-31.18659950865234,7.586697808321168e-204,-0.3118659950865234,0.3838,3.4140140137445257e-202,True
0.1,exposure_efficiency_gap,3.0,15.0,10000,-1.3154975716092272,2.1651693539402688,-1.2697895142038749,-1.3579392486447068,-1.2730558945737476,-60.75725989817969,0.0,-0.6075725989817969,0.2708,0.0,True
0.1,exposure_efficiency_gap,5.0,7.5,10000,-0.27494938504007876,2.0449719267283246,-0.2916165455694717,-0.3150349505885094,-0.23486381949164814,-13.44514227537393,7.436936401114376e-41,-0.1344514227537393,0.4448,1.859234100278594e-39,True
0.1,exposure_efficiency_gap,7.5,10.0,10000,-0.308557886174646,2.0055467502960926,-0.29658971136595413,-0.3478706389164671,-0.26924513343282497,-15.38522530721817,8.263725947316125e-53,-0.1538522530721817,0.4385,2.727029562614321e-51,True
0.1,exposure_efficiency_gap,10.0,15.0,10000,-0.6429079530385202,2.0013407732569095,-0.6331446685714033,-0.6821382601652716,-0.6036776459117689,-32.12386224422316,1.43572313582166e-215,-0.3212386224422316,0.3751,6.604326424779636e-214,True
0.15,exposure_efficiency_gap,1.0,2.0,10000,0.08112374539094058,2.46071287394574,0.15128109194403017,0.03288882054176278,0.12935867024011838,3.2967578724802253,0.000981487957661551,0.03296757872480226,0.5258,0.010796367534277061,True
0.15,exposure_efficiency_gap,2.0,3.0,10000,-0.0223570212957315,2.153472574460363,-0.012036916373242779,-0.0645694179120429,0.019855375320579904,-1.0381846307624294,0.2992092109069029,-0.010381846307624292,0.4984,0.8976276327207087,False
0.15,exposure_efficiency_gap,3.0,5.0,10000,-0.1535636365308491,2.0781585774375544,-0.12970993799245223,-0.19429972722583566,-0.11282754583586253,-7.389408979568762,1.5928398909384338e-13,-0.07389408979568762,0.4755,2.867111803689181e-12,True
0.15,exposure_efficiency_gap,3.0,7.5,10000,-0.4261159180642947,2.0660088854137704,-0.39193193564154205,-0.46661385034270497,-0.38561798578588447,-20.6250767396363,1.3595984297061068e-92,-0.206250767396363,0.4262,4.8945543469419846e-91,True
0.15,exposure_efficiency_gap,3.0,10.0,10000,-0.7319141134274454,2.07016751232927,-0.6798788405630982,-0.7724935631632026,-0.6913346636916882,-35.35530864378819,4.149142383661994e-258,-0.3535530864378819,0.3628,1.991588344157757e-256,True
0.15,exposure_efficiency_gap,3.0,15.0,10000,-1.3690535610052346,2.133264143944139,-1.3041025322480602,-1.410869831711209,-1.3272372902992602,-64.1764670770693,0.0,-0.641764670770693,0.2622,0.0,True
0.15,exposure_efficiency_gap,5.0,7.5,10000,-0.2725522815334457,2.030538603802806,-0.278779873893936,-0.31235492490350775,-0.23274963816338362,-13.422659437402865,1.0021796851939117e-40,-0.13422659437402865,0.4422,2.4052312444653882e-39,True
0.15,exposure_efficiency_gap,7.5,10.0,10000,-0.30579819536315067,2.0321094731294838,-0.2705302376478098,-0.3456316309336041,-0.26596475979269724,-15.048313066136942,1.2664808118181056e-50,-0.15048313066136942,0.4439,3.9260905166361276e-49,True
0.15,exposure_efficiency_gap,10.0,15.0,10000,-0.6371394475777892,2.0437220557883102,-0.6313600018655441,-0.67720051314026,-0.5970783820153184,-31.175445103861247,1.0419775035208666e-203,-0.3117544510386125,0.3706,4.5847010154918125e-202,True
0.2,exposure_efficiency_gap,1.0,2.0,10000,0.0817547621443849,2.2336744711040097,0.1795238920466029,0.037970246936616436,0.12553927735215337,3.660101917356696,0.0002534134122755127,0.03660101917356696,0.5342,0.0030409609473061525,True
0.2,exposure_efficiency_gap,2.0,3.0,10000,-0.013369885457332796,2.0360429413731747,0.016435032511779024,-0.05328042492200321,0.02654065400733762,-0.6566602887223835,0.511414486069759,-0.006566602887223834,0.5033,1.0,False
0.2,exposure_efficiency_gap,3.0,5.0,10000,-0.15901396515577165,2.0241404992071854,-0.10644306629834599,-0.19869119279870254,-0.11933673751284077,-7.85587587512103,4.37815693602406e-15,-0.0785587587512103,0.4778,9.194129565650525e-14,True
0.2,exposure_efficiency_gap,3.0,7.5,10000,-0.4413392800348788,2.0641569984417543,-0.3960155087765349,-0.48180091160146277,-0.4008776484682949,-21.3810907003706,3.2656659194162253e-99,-0.213810907003706,0.4236,1.2409530493781656e-97,True
0.2,exposure_efficiency_gap,3.0,10.0,10000,-0.7598052963652778,2.0734722552592078,-0.724180932132541,-0.8004495257137071,-0.7191610670168486,-36.64410239578024,5.849439512728682e-276,-0.36644102395780237,0.3615,2.8662253612370544e-274,True
0.2,exposure_efficiency_gap,3.0,15.0,10000,-1.360703679243878,2.152544472572053,-1.3229019534066881,-1.402897883195247,-1.318509475292509,-63.21373131111142,0.0,-0.6321373131111142,0.2625,0.0,True
0.2,exposure_efficiency_gap,5.0,7.5,10000,-0.2823253148791071,2.053612427211741,-0.2660607356928373,-0.3225802516271969,-0.24207037813101734,-13.747740865710954,1.2812744116521356e-42,-0.13747740865710953,0.4447,3.58756835262598e-41,True
0.2,exposure_efficiency_gap,7.5,10.0,10000,-0.318466016330399,2.0875430285170853,-0.29726233092565923,-0.35938606115403043,-0.2775459715067676,-15.255542615407823,5.8049475048565876e-52,-0.15255542615407822,0.4371,1.857583201554108e-50,True
0.2,exposure_efficiency_gap,10.0,15.0,10000,-0.6008983828786003,2.2060885968527453,-0.5811562254634675,-0.6441421594307145,-0.5576546063264861,-27.238179995846732,1.1830375220966684e-157,-0.27238179995846734,0.3918,4.85045384059634e-156,True
0.25,exposure_efficiency_gap,1.0,2.0,10000,0.09424459993608209,2.10044650942321,0.16371614063187412,0.053071620916677636,0.13541757895548653,4.486884075041834,7.307964358277008e-06,0.04486884075041834,0.532,0.00010961946537415513,True
0.25,exposure_efficiency_gap,2.0,3.0,10000,-0.04020976822860566,1.9943903666482756,-0.022090654441418778,-0.07930383339718777,-0.0011157030600235443,-2.0161433238459345,0.04381168189969168,-0.020161433238459345,0.4955,0.35049345519753344,False
0.25,exposure_efficiency_gap,3.0,5.0,10000,-0.14645351098509596,2.0266048697034496,-0.1276323307358398,-0.18617904524963494,-0.10672797672055698,-7.226544906433898,5.3164399685364e-13,-0.07226544906433897,0.4755,9.037947946511881e-12,True
0.25,exposure_efficiency_gap,3.0,7.5,10000,-0.43513170364493925,2.085364788240863,-0.3755921730176972,-0.47600905057515147,-0.39425435671472703,-20.86597539665951,1.1162173915863968e-94,-0.20865975396659514,0.4272,4.130004348869668e-93,True
0.25,exposure_efficiency_gap,3.0,10.0,10000,-0.7051774679178883,2.136418197033173,-0.65461375449819,-0.7470555644123691,-0.6632993714234074,-33.00746403008375,7.0486565274540275e-227,-0.3300746403008375,0.3759,3.3128685679033927e-225,True
0.25,exposure_efficiency_gap,3.0,15.0,10000,-1.2883964412173965,2.2491308898600857,-1.214258102360362,-1.3324839333409322,-1.2443089490938608,-57.284191285885775,0.0,-0.5728419128588578,0.2888,0.0,True
0.25,exposure_efficiency_gap,5.0,7.5,10000,-0.2886781926598434,2.137204314480985,-0.27605422390110324,-0.3305716986384698,-0.24678468668121697,-13.507281016787028,3.252821925135451e-41,-0.1350728101678703,0.4475,8.457337005352173e-40,True
0.25,exposure_efficiency_gap,7.5,10.0,10000,-0.27004576427294896,2.23900651679081,-0.2769601535135413,-0.3139347983076469,-0.22615673023825097,-12.060963746546312,2.887956827924805e-33,-0.12060963746546312,0.4527,6.642300704227051e-32,True
0.25,exposure_efficiency_gap,10.0,15.0,10000,-0.5832189732995081,2.369453422033724,-0.5542786747818389,-0.6296650292191327,-0.5367729173798835,-24.614072084140222,6.2409508859051246e-130,-0.24614072084140223,0.3997,2.4339708455029987e-128,True
0.01,gini_gap,1.0,2.0,10000,0.0160996146034991,0.08033476599107049,0.015453505146124757,0.014524891505414875,0.017674337701583324,20.040656625910422,1.2620853747636792e-87,0.2004065662591042,0.5753,4.669715886625613e-86,True
0.01,gini_gap,2.0,3.0,10000,0.006127769333281423,0.06763108397710674,0.005984551229717527,0.004802063970561356,0.007453474696001491,9.060581278507506,1.5405612432244767e-19,0.09060581278507507,0.5316,2.9270663621265058e-18,True
0.01,gini_gap,3.0,5.0,10000,0.005796817663868488,0.05803368478318978,0.005951507610213236,0.004659240641422367,0.006934394686314609,9.988712048054568,2.197760207160653e-23,0.09988712048054568,0.5422,4.395520414321306e-22,True
0.01,gini_gap,3.0,7.5,10000,0.010080067276112183,0.05631083588087737,0.009355827744790601,0.008976261559619477,0.01118387299260489,17.900759451406543,1.459467902147196e-70,0.17900759451406545,0.5685,4.5243504966563075e-69,True
0.01,gini_gap,3.0,10.0,10000,0.012949243124385435,0.055135957897010486,0.013561972626035534,0.011868467380978496,0.014030018867792374,23.48602185995131,8.955759687989241e-119,0.23486021859951314,0.595,3.492746278315804e-117,True
0.01,gini_gap,3.0,15.0,10000,0.01611399982470919,0.053240123406004265,0.01638643124098338,0.015070386252951125,0.017157613396467257,30.26664626944103,1.2847019644101942e-192,0.3026664626944103,0.6108,5.395748250522816e-191,True
0.01,gini_gap,5.0,7.5,10000,0.004283249612243695,0.051583378088083276,0.004569692887703591,0.0032721115831425046,0.005294387641344886,8.303546163513486,1.1412986359761055e-16,0.08303546163513487,0.5321,2.05433754475699e-15,True
0.01,gini_gap,7.5,10.0,10000,0.0028691758482732553,0.047016653474659935,0.0027479795782473504,0.0019475548127504965,0.003790796883796014,6.102467181803197,1.0831820769469615e-09,0.06102467181803198,0.5243,1.2998184923363537e-08,True
0.01,gini_gap,10.0,15.0,10000,0.003164756700323752,0.044272343722432196,0.003308128723076731,0.0022969296592418456,0.004032583741405658,7.148383017997334,9.394607227929577e-13,0.07148383017997334,0.5306,1.2212989396308449e-11,True
0.05,gini_gap,1.0,2.0,10000,0.0011430051450703337,0.045624135664340024,0.0017945732700608286,0.0002486802612616184,0.002037330028879049,2.5052642169037522,0.012251767693592396,0.025052642169037524,0.5138,0.06125883846796198,False
0.05,gini_gap,2.0,3.0,10000,0.0007656447425903016,0.03824170590348361,0.0011671568548674571,1.6030340239852887e-05,0.0015152591449407505,2.002119739434939,0.045298814371321466,0.020021197394349387,0.5123,0.18119525748528587,False
0.05,gini_gap,3.0,5.0,10000,0.0013678150509342656,0.03485008167939525,0.0017410204135213103,0.0006846833094816848,0.0020509467923868463,3.9248546488858644,8.736380357968917e-05,0.03924854648885864,0.5189,0.0006115466250578242,True
0.05,gini_gap,3.0,7.5,10000,0.0037125603055619735,0.03426621627822116,0.003615984535257022,0.0030408735010810555,0.0043842471100428914,10.8344623620484,3.346116135008897e-27,0.10834462362048401,0.5448,7.361455497019573e-26,True
0.05,gini_gap,3.0,10.0,10000,0.006144596536058385,0.03413652591945963,0.005864513699854301,0.005475451923628705,0.006813741148488065,18.00006406790106,2.5816340634701783e-71,0.18000064067901062,0.572,8.26122900310457e-70,True
0.05,gini_gap,3.0,15.0,10000,0.011425151603818556,0.03429398736543856,0.011755794651910567,0.010752920430135081,0.01209738277750203,33.31531991912031,7.081159355952114e-231,0.3331531991912031,0.6333,3.11571011661893e-229,True
0.05,gini_gap,5.0,7.5,10000,0.002344745254627708,0.03267762565773805,0.0023431680389428555,0.00170419802356327,0.002985292485692146,7.175384402729618,7.722402184638178e-13,0.07175384402729618,0.5262,1.081136305849345e-11,True
0.05,gini_gap,7.5,10.0,10000,0.0024320362304964113,0.031450436952506815,0.002702426362407806,0.0018155443679389346,0.003048528093053888,7.7329171425154435,1.1523955788724414e-14,0.07732917142515444,0.532,1.8438329261959062e-13,True
0.05,gini_gap,10.0,15.0,10000,0.005280555067760172,0.030761079099760447,0.005097786943692784,0.004677576006543102,0.005883534128977241,17.166351839072167,4.047280232301378e-65,0.1716635183907217,0.5639,1.2141840696904134e-63,True
0.1,gini_gap,1.0,2.0,10000,-0.001613264865455304,0.03528409267587719,-0.001654731794900166,-0.0023049040959451797,-0.0009216256349654287,-4.572215814857132,4.883891452037363e-06,-0.04572215814857133,0.4803,4.395502306833627e-05,True
0.1,gini_gap,2.0,3.0,10000,-0.0003189619043297724,0.030978702518121792,-0.00014362066601436574,-0.0009262068225434969,0.0002882830138839521,-1.029616731505096,0.30321486240871315,-0.010296167315050958,0.4985,0.6064297248174263,False
0.1,gini_gap,3.0,5.0,10000,0.0013444751565967919,0.03020864170034616,0.0015930542405430126,0.0007523249802637583,0.0019366253329298256,4.450630948366624,8.654536750349922e-06,0.04450630948366624,0.5186,6.923629400279937e-05,True
0.1,gini_gap,3.0,7.5,10000,0.004648413132969404,0.030289436683793112,0.004606017605758184,0.004054679212349901,0.005242147053588908,15.346647682809559,1.478205522218086e-52,0.15346647682809558,0.5585,3.991154909988832e-51,True
0.1,gini_gap,3.0,10.0,10000,0.008666670792140207,0.030621159126819862,0.00856439267521314,0.008066434444000778,0.009266907140279636,28.302882840739407,1.3689893666732853e-169,0.2830288284073941,0.6089,5.61285640336047e-168,True
0.1,gini_gap,3.0,15.0,10000,0.018156533460545365,0.031165603318548753,0.017885548141777563,0.01754562491047995,0.01876744201061078,58.25824475452777,0.0,0.5825824475452778,0.7182,0.0,True
0.1,gini_gap,5.0,7.5,10000,0.0033039379763726132,0.030128801124730167,0.003357394442802919,0.002713352836011687,0.0038945231167335395,10.96604528900651,8.0141361707672695e-28,0.10966045289006511,0.544,1.843251319276472e-26,True
0.1,gini_gap,7.5,10.0,10000,0.004018257659170801,0.030501666217747178,0.004227587985321524,0.0034203636125449523,0.00461615170579665,13.173895584867447,2.633734585706565e-39,0.13173895584867448,0.5532,6.847709922837069e-38,True
0.1,gini_gap,10.0,15.0,10000,0.009489862668405156,0.03134615183077988,0.009515948682031095,0.00887541500412154,0.010104310332688772,30.274410459170717,1.0356154810119854e-192,0.30274410459170714,0.6157,4.453146568351537e-191,True
0.15,gini_gap,1.0,2.0,10000,-0.0023523220761151585,0.030885487496171347,-0.002549299567093377,-0.0029577397922907252,-0.0017469043599395917,-7.616269862687967,2.847535892132109e-14,-0.07616269862687966,0.4673,4.2713038381981634e-13,True
0.15,gini_gap,2.0,3.0,10000,-0.00042444270448549286,0.028466934822087477,-0.0007687187418596864,-0.0009824519205823196,0.00013356651161133392,-1.491002481082607,0.1359923883093292,-0.014910024810826069,0.489,0.4079771649279876,False
0.15,gini_gap,3.0,5.0,10000,0.0016237535224459371,0.028795655918507572,0.0018139609094171005,0.0010593007112632935,0.0021882063336285808,5.6388836116155865,1.758039161724795e-08,0.05638883611615586,0.5256,1.9338430778972747e-07,True
0.15,gini_gap,3.0,7.5,10000,0.005418593193458701,0.029982148313866214,0.005272451543079204,0.004830882743349466,0.006006303643567935,18.072731602600662,7.226592397100539e-72,0.1807273160260066,0.5678,2.384775491043178e-70,True
0.15,gini_gap,3.0,10.0,10000,0.011117039482372058,0.030660550353735,0.010753545397158781,0.010516030986904882,0.011718047977839234,36.25844726892779,1.4460561011491048e-270,0.36258447268927785,0.6358,6.507252455170972e-269,True
0.15,gini_gap,3.0,15.0,10000,0.023879854331725837,0.032353136647885174,0.024060418180875565,0.023245667738332847,0.024514040925118826,73.81001289495308,0.0,0.7381001289495308,0.7708,0.0,True
0.15,gini_gap,5.0,7.5,10000,0.003794839671012763,0.030013357083686687,0.0033908290783711825,0.0032065174662031467,0.00438316187582238,12.64383607748895,2.2952007928574783e-36,0.1264383607748895,0.5454,5.738001982143696e-35,True
0.15,gini_gap,7.5,10.0,10000,0.00569844628891336,0.03142822326552171,0.005384943445988499,0.005082389859328862,0.006314502718497857,18.13162087073765,2.5662372316952314e-72,0.1813162087073765,0.5679,8.725206587763787e-71,True
0.15,gini_gap,10.0,15.0,10000,0.012762814849353777,0.03354933317250348,0.01271799563381848,0.012105180396569826,0.013420449302137729,38.041933005732545,7.217934546064772e-296,0.3804193300573254,0.6469,3.320249891189795e-294,True
0.2,gini_gap,1.0,2.0,10000,-0.002971208605303343,0.028371379701664028,-0.0028874072720341815,-0.0035273447487221745,-0.0024150724618845114,-10.472555922717698,1.565080443585304e-25,-0.10472555922717698,0.458,3.2866689315291383e-24,True
0.2,gini_gap,2.0,3.0,10000,-0.00023246616701799844,0.026784106587846617,-0.00012193548874506188,-0.000757488562802659,0.0002925562287666621,-0.8679257837313148,0.38545579220296383,-0.008679257837313147,0.4973,0.6064297248174263,False
0.2,gini_gap,3.0,5.0,10000,0.001437468606169239,0.02824708920143166,0.0011002195170676243,0.0008837688067065238,0.0019911684056319544,5.088908793109852,3.6667570245622997e-07,0.05088908793109852,0.5176,3.6667570245622996e-06,True
0.2,gini_gap,3.0,7.5,10000,0.006584015757144584,0.030213690567366086,0.006417181661864557,0.005991766612856428,0.007176264901432741,21.791497938540495,6.760160540369354e-103,0.21791497938540494,0.583,2.5688610053403545e-101,True
0.2,gini_gap,3.0,10.0,10000,0.012992966915613696,0.03148570223918026,0.01279979616544169,0.012375783782461226,0.013610150048766166,41.266244649437965,0.0,0.41266244649437966,0.6563,0.0,True
0.2,gini_gap,3.0,15.0,10000,0.027848996563544018,0.03380585561630898,0.02746826222131238,0.027186333754575118,0.028511659372512918,82.37920932877915,0.0,0.8237920932877916,0.7909,0.0,True
0.2,gini_gap,5.0,7.5,10000,0.005146547150975346,0.031195243866027435,0.0047680333144926035,0.004535057586523713,0.00575803671542698,16.497858369301266,2.3761118367644925e-60,0.16497858369301263,0.5617,6.890724326617028e-59,True
0.2,gini_gap,7.5,10.0,10000,0.006408951158469111,0.03362564515968399,0.00631967144468526,0.005749820837148151,0.00706808147979007,19.05971209781642,1.3928213020258053e-79,0.1905971209781642,0.5749,4.874874557090319e-78,True
0.2,gini_gap,10.0,15.0,10000,0.014856029647930319,0.0367466601310821,0.015243474870643592,0.014135721151702202,0.015576338144158436,40.428244621242115,0.0,0.40428244621242115,0.6578,0.0,True
0.25,gini_gap,1.0,2.0,10000,-0.0031423411269411255,0.026660730691396007,-0.0036020637168948655,-0.003664945106844557,-0.002619737147037694,-11.786402868377598,7.450119962852357e-32,-0.11786402868377598,0.4489,1.7880287910845656e-30,True
0.25,gini_gap,2.0,3.0,10000,-0.0008084416329661866,0.02665478312733813,-0.0004220396772828261,-0.001330929028643801,-0.0002859542372885723,-3.0330077311228205,0.00242750400141117,-0.030330077311228207,0.4934,0.014565024008467018,True
0.25,gini_gap,3.0,5.0,10000,0.0022895544896342594,0.028647839118682693,0.0020779249435758373,0.0017279991852296277,0.002851109794038891,7.992066976322574,1.4734643293645133e-15,0.07992066976322573,0.5308,2.5048893599196727e-14,True
0.25,gini_gap,3.0,7.5,10000,0.007592451322581127,0.031075420608204878,0.006871102209971447,0.006983310535143443,0.00820159211001881,24.43233647037583,4.2073055232517156e-128,0.2443233647037583,0.5921,1.6829222093006862e-126,True
0.25,gini_gap,3.0,10.0,10000,0.014408286099072359,0.03310334198587854,0.014096599898324014,0.013759393971164269,0.01505717822698045,43.52517067678166,0.0,0.43525170676781666,0.6649,0.0,True
0.25,gini_gap,3.0,15.0,10000,0.03053566785528904,0.03527881933889934,0.030303511601417754,0.02984413199281724,0.03122720371776084,86.55524313881904,0.0,0.8655524313881905,0.8039,0.0,True
0.25,gini_gap,5.0,7.5,10000,0.0053028968329468665,0.03229864116975125,0.005099324852432807,0.004669778460604875,0.005936015205288858,16.418327957131538,8.538037381192271e-60,0.16418327957131537,0.5627,2.390650466733836e-58,True
0.25,gini_gap,7.5,10.0,10000,0.006815834776491235,0.03556818076381932,0.006602939752183734,0.0061186268477117205,0.007513042705270749,19.16273093006894,2.073652306233556e-80,0.19162730930068939,0.5712,7.465148302440802e-79,True
0.25,gini_gap,10.0,15.0,10000,0.016127381756216683,0.03844245252416946,0.015427802704436777,0.015373832316070873,0.016880931196362494,41.952010595778475,0.0,0.4195201059577848,0.6589,0.0,True
0.01,p90_receipt_gap,1.0,2.0,10000,0.4271600000000003,10.977757396214637,1.2000000000000028,0.21197386080211403,0.6423461391978866,3.891140827609236,0.00010042127277796194,0.03891140827609236,0.5525,0.0008033701822236955,True
0.01,p90_receipt_gap,2.0,3.0,10000,-0.0464800000000009,8.529754819531933,0.19999999999988027,-0.21368036175626948,0.12072036175626766,-0.5449160143919761,0.5858234345941561,-0.005449160143919761,0.507,0.6915957023332471,False
0.01,p90_receipt_gap,3.0,5.0,10000,-0.20982000000000067,7.055747722615411,0.0,-0.34812685601664306,-0.07151314398335826,-2.9737457778921974,0.0029489074516829607,-0.029737457778921974,0.4948,0.020642352161780723,True
0.01,p90_receipt_gap,3.0,7.5,10000,-0.8622699999999986,6.7371292356710715,-0.40000000000000924,-0.9943312924094269,-0.7302087075905704,-12.798774816943373,3.2606821602734176e-37,-0.12798774816943373,0.4639,5.217091456437468e-36,True
0.01,p90_receipt_gap,3.0,10.0,10000,-1.5991399999999982,6.601486440395247,-1.0,-1.7285424206224185,-1.469737579377578,-24.223938266610357,5.085120237674563e-126,-0.2422393826661036,0.4187,1.7289408808093514e-124,True
0.01,p90_receipt_gap,3.0,15.0,10000,-2.9589499999999966,6.290975563046921,-2.4000000000000377,-3.082265782480953,-2.8356342175190403,-47.034835381984585,0.0,-0.4703483538198458,0.3236,0.0,True
0.01,p90_receipt_gap,5.0,7.5,10000,-0.6524499999999982,6.077561326113238,-0.5999999999999925,-0.7715824339118328,-0.5333175660881636,-10.735391466913544,9.70765887007071e-27,-0.10735391466913545,0.4485,1.4561488305106065e-25,True
0.01,p90_receipt_gap,7.5,10.0,10000,-0.7368699999999997,5.332204688849107,-0.8000000000000114,-0.8413919436896972,-0.6323480563103022,-13.81923693854004,4.846772404617492e-43,-0.1381923693854004,0.4317,8.724190328311485e-42,True
0.01,p90_receipt_gap,10.0,15.0,10000,-1.359809999999998,4.795089055669893,-1.0,-1.4538033962610086,-1.2658166037389873,-28.358388847692158,3.1873068803853973e-170,-0.28358388847692156,0.3711,1.211176614546451e-168,True
0.05,p90_receipt_gap,1.0,2.0,10000,0.4291200000000015,4.980367700465821,0.6999999999999886,0.33149476940248057,0.5267452305975224,8.616231286695264,7.965556121353855e-18,0.08616231286695264,0.5393,1.0355222957760012e-16,True
0.05,p90_receipt_gap,2.0,3.0,10000,0.12218000000000281,4.266594476915173,0.0,0.038546161149912564,0.20581383885009308,2.863642201316991,0.004196720901764721,0.02863642201316991,0.4902,0.025180325410588327,True
0.05,p90_receipt_gap,3.0,5.0,10000,-0.1831200000000039,3.9981320102714424,0.0,-0.2614914341865947,-0.1047485658134131,-4.580138913111362,4.702848892989883e-06,-0.04580138913111362,0.4566,4.232564003690895e-05,True
0.05,p90_receipt_gap,3.0,7.5,10000,-0.8313000000000015,3.9350800240248676,-1.0,-0.9084354883554485,-0.7541645116445544,-21.12536453959413,5.98849594145844e-97,-0.2112536453959413,0.3897,1.9163187012667008e-95,True
0.05,p90_receipt_gap,3.0,10.0,10000,-1.5734900000000038,3.9664048528416345,-1.5,-1.6512395180457444,-1.4957404819542632,-39.67043351292582,0.0,-0.3967043351292582,0.317,0.0,True
0.05,p90_receipt_gap,3.0,15.0,10000,-3.1541300000000057,3.998181772862371,-3.0,-3.2325024096335326,-3.0757575903664787,-78.88910957997557,0.0,-0.7888910957997556,0.1911,0.0,True
0.05,p90_receipt_gap,5.0,7.5,10000,-0.6481799999999974,3.805861682446513,-1.0,-0.722782548790995,-0.5735774512089998,-17.031097136019127,3.857709163996775e-64,-0.17031097136019127,0.3955,8.486960160792905e-63,True
0.05,p90_receipt_gap,7.5,10.0,10000,-0.7421900000000023,3.751290740814716,-1.0,-0.8157228485035634,-0.6686571514964413,-19.784923411156647,1.7125771555373808e-85,-0.19784923411156646,0.3837,4.966473751058404e-84,True
0.05,p90_receipt_gap,10.0,15.0,10000,-1.580640000000002,3.789907852514763,-1.599999999999909,-1.6549298216150814,-1.5063501783849227,-41.70655492194041,0.0,-0.4170655492194041,0.2999,0.0,True
0.1,p90_receipt_gap,1.0,2.0,10000,0.4944499999999999,3.714835420004469,0.6999999999999886,0.4216317491556185,0.5672682508443813,13.310145513779048,4.4276175609157e-40,0.13310145513779048,0.5398,7.526949853556691e-39,True
0.1,p90_receipt_gap,2.0,3.0,10000,0.06851000000000204,3.4544702511921628,0.0,0.0007954304847093974,0.13622456951529469,1.9832273841802153,0.0473693488732313,0.019832273841802153,0.473,0.1894773954929252,False
0.1,p90_receipt_gap,3.0,5.0,10000,-0.2201200000000033,3.617115914420471,0.0,-0.2910227518611226,-0.14921724813888404,-6.08551136341647,1.203806378946713e-09,-0.060855113634164695,0.4436,1.2038063789467131e-08,True
0.1,p90_receipt_gap,3.0,7.5,10000,-0.8844600000000034,3.6633299751797845,-1.0,-0.9562686404640974,-0.8126513595359093,-24.143607209628907,3.1970094551492263e-125,-0.2414360720962891,0.3681,1.0550131201992447e-123,True
0.1,p90_receipt_gap,3.0,10.0,10000,-1.697320000000003,3.7971682430815,-1.7999999999999563,-1.7717521398827154,-1.6228878601172907,-44.69962591445735,0.0,-0.4469962591445735,0.2978,0.0,True
0.1,p90_receipt_gap,3.0,15.0,10000,-3.3586600000000004,3.932632141957394,-3.0,-3.435747504940229,-3.281572495059772,-85.40488606005977,0.0,-0.8540488606005977,0.1666,0.0,True
0.1,p90_receipt_gap,5.0,7.5,10000,-0.6643399999999999,3.7266267775447983,-1.0,-0.7373893851838849,-0.591290614816115,-17.82684555381435,5.2677470629649964e-70,-0.17826845553814352,0.3892,1.369614236370899e-68,True
0.1,p90_receipt_gap,7.5,10.0,10000,-0.8128599999999995,3.866205811275124,-1.0,-0.8886454151668168,-0.7370745848331821,-21.02474725037744,4.581983714317048e-96,-0.21024747250377443,0.3771,1.4204149514382847e-94,True
0.1,p90_receipt_gap,10.0,15.0,10000,-1.661339999999998,4.09122392637235,-1.7999999999997272,-1.7415362231023281,-1.581143776897668,-40.607408196135886,0.0,-0.40607408196135886,0.3034,0.0,True
0.15,p90_receipt_gap,1.0,2.0,10000,0.47477000000000064,3.221745863928621,0.6000000000000245,0.411617296864603,0.5379227031353983,14.73641994285243,1.2158019039260053e-48,0.1473641994285243,0.5325,2.31002361745941e-47,True
0.15,p90_receipt_gap,2.0,3.0,10000,0.07485999999999697,3.1723152962519165,0.0,0.012676235476813305,0.13704376452318062,2.359790657897211,0.018304354858281476,0.023597906578972115,0.4681,0.09152177429140737,False
0.15,p90_receipt_gap,3.0,5.0,10000,-0.30815999999999943,3.5018146274422493,0.0,-0.3768026145767999,-0.23951738542319895,-8.80000893208564,1.5942331980393345e-18,-0.0880000893208564,0.4263,2.2319264772550682e-17,True
0.15,p90_receipt_gap,3.0,7.5,10000,-0.9692199999999964,3.671969352744213,-1.0,-1.0411979896522774,-0.8972420103477154,-26.395100473146886,1.7601286463994473e-148,-0.2639510047314688,0.3669,6.33646312703801e-147,True
0.15,p90_receipt_gap,3.0,10.0,10000,-1.7954399999999995,3.7459293112711722,-2.0,-1.8688677536938998,-1.7220122463060992,-47.93042929554699,0.0,-0.4793042929554699,0.2837,0.0,True
0.15,p90_receipt_gap,3.0,15.0,10000,-3.467620000000002,4.123448777247254,-3.0,-3.548447895036382,-3.386792104963622,-84.09513946514761,0.0,-0.8409513946514761,0.1739,0.0,True
0.15,p90_receipt_gap,5.0,7.5,10000,-0.661059999999997,3.8724704361851385,-1.0,-0.7369682144234615,-0.5851517855765325,-17.07075653368248,1.995124157334556e-64,-0.1707075653368248,0.3917,4.588785561869479e-63,True
0.15,p90_receipt_gap,7.5,10.0,10000,-0.826220000000003,4.023398225993606,-1.0,-0.9050867028664489,-0.747353297133557,-20.535377151138505,8.023459973907257e-92,-0.20535377151138504,0.3827,2.4070379921721768e-90,True
0.15,p90_receipt_gap,10.0,15.0,10000,-1.6721800000000024,4.392824346382841,-1.7999999999999545,-1.7582881983464655,-1.5860718016535393,-38.06617037571549,3.2231596738029067e-296,-0.3806617037571549,0.316,1.3214954662591918e-294,True
0.2,p90_receipt_gap,1.0,2.0,10000,0.4968500000000003,2.9877924572963224,0.6999999999998181,0.4382832544976942,0.5554167455023064,16.629334436756825,2.831545110292418e-61,0.16629334436756826,0.5305,5.946244731614078e-60,True
0.2,p90_receipt_gap,2.0,3.0,10000,0.03733999999999756,3.114098502833291,0.0,-0.02370259820295436,0.09838259820294948,1.1990629058786877,0.23053190077774902,0.011990629058786876,0.4602,0.6915957023332471,False
0.2,p90_receipt_gap,3.0,5.0,10000,-0.2644599999999964,3.515604479443841,0.0,-0.3333729234299836,-0.19554707657000922,-7.522461686072072,5.838070568193415e-14,-0.07522461686072071,0.4303,6.421877625012756e-13,True
0.2,p90_receipt_gap,3.0,7.5,10000,-1.032949999999999,3.7839948677576096,-1.0,-1.107123915213151,-0.958776084786847,-27.29787000509659,2.59520756282435e-158,-0.2729787000509659,0.3576,9.602267982450095e-157,True
0.2,p90_receipt_gap,3.0,10.0,10000,-1.8546600000000002,3.9534237365003064,-2.0,-1.9321550620391859,-1.7771649379608145,-46.91275521206343,0.0,-0.4691275521206343,0.2883,0.0,True
0.2,p90_receipt_gap,3.0,15.0,10000,-3.3804099999999977,4.3188021993538595,-3.0,-3.465067215285039,-3.2957527847149564,-78.2719338363249,0.0,-0.782719338363249,0.19,0.0,True
0.2,p90_receipt_gap,5.0,7.5,10000,-0.7684900000000023,3.9362097879368,-1.0,-0.845647634001927,-0.6913323659980777,-19.523603705147366,2.436497420491386e-83,-0.19523603705147366,0.3832,6.822192777375881e-82,True
0.2,p90_receipt_gap,7.5,10.0,10000,-0.8217100000000015,4.298663225521702,-1.0,-0.9059724508655045,-0.7374475491344985,-19.115477461025705,4.973422155883649e-80,-0.19115477461025704,0.3916,1.3428239820885852e-78,True
0.2,p90_receipt_gap,10.0,15.0,10000,-1.5257499999999977,4.811856121439352,-1.2999999999999545,-1.6200720644960935,-1.431427935503902,-31.70813842920154,2.4645982052863427e-210,-0.3170813842920154,0.3456,9.85839282114537e-209,True
0.25,p90_receipt_gap,1.0,2.0,10000,0.5019199999999963,2.8429028339449682,0.7000000000000455,0.4461933827254796,0.5576466172745129,17.655193628390897,1.0182626144118841e-68,0.17655193628390897,0.5283,2.443830274588522e-67,True
0.25,p90_receipt_gap,2.0,3.0,10000,0.03529000000000231,3.068521989267775,0.0,-0.024859206808123813,0.09543920680812844,1.1500650842141555,0.2501445706635726,0.011500650842141554,0.452,0.6915957023332471,False
0.25,p90_receipt_gap,3.0,5.0,10000,-0.2915500000000004,3.5697529201740426,0.0,-0.3615243418494123,-0.22157565815058855,-8.167231921076093,3.536683812258615e-16,-0.08167231921076094,0.4336,4.244020574710338e-15,True
0.25,p90_receipt_gap,3.0,7.5,10000,-1.0266500000000034,3.9013844795900043,-1.0,-1.1031249878676541,-0.9501750121323527,-26.315017280939554,1.270156434208158e-147,-0.26315017280939557,0.3734,4.445547519728553e-146,True
0.25,p90_receipt_gap,3.0,10.0,10000,-1.7624900000000039,4.173122990692888,-1.6000000000000805,-1.8442916095960393,-1.6806883904039684,-42.23431717518988,0.0,-0.4223431717518988,0.3137,0.0,True
0.25,p90_receipt_gap,3.0,15.0,10000,-3.2548900000000027,4.599573642814035,-3.0,-3.3450509006676383,-3.164729099332367,-70.76503721350682,0.0,-0.7076503721350681,0.2153,0.0,True
0.25,p90_receipt_gap,5.0,7.5,10000,-0.7351000000000029,4.133574800830803,-0.900000000000091,-0.8161263854786223,-0.6540736145213835,-17.783638507092117,1.1129615075714688e-69,-0.17783638507092114,0.4023,2.782403768928672e-68,True
0.25,p90_receipt_gap,7.5,10.0,10000,-0.7358400000000002,4.649754995325201,-0.9000000000000927,-0.826984556173662,-0.6446954438263384,-15.825349953703013,9.849111081297394e-56,-0.15825349953703013,0.4021,1.9698222162594788e-54,True
0.25,p90_receipt_gap,10.0,15.0,10000,-1.4923999999999988,5.1554914556436735,-1.2000000000000455,-1.5934580086594172,-1.3913419913405805,-28.947773705769233,5.218111297365795e-177,-0.28947773705769236,0.3621,2.03506340597266e-175,True
0.01,p99_receipt_gap,1.0,2.0,10000,-4.10572900000004,182.05899661245326,11.339999999998213,-7.674451752133713,-0.5370062478663677,-2.255164027263017,0.024144568332941724,-0.022551640272630166,0.5483,0.3380239566611841,False
0.01,p99_receipt_gap,2.0,3.0,10000,4.230406000000062,136.74159314643356,10.019999999999726,1.549995563247696,6.910816436752427,3.0937229138977584,0.001982071478533768,0.030937229138977583,0.5446,0.03171314365654029,True
0.01,p99_receipt_gap,3.0,5.0,10000,-0.2112339999999987,110.96999526431513,5.359999999999587,-2.386469249411664,1.9640012494116665,-0.1903523556046557,0.8490368939748084,-0.0019035235560465567,0.5288,1.0,False
0.01,p99_receipt_gap,3.0,7.5,10000,-3.545419999999987,104.87977219533403,5.439999999999415,-5.601274619856126,-1.489565380143849,-3.380461194554081,0.0007264120342529529,-0.033804611945540804,0.5305,0.012349004582300198,True
0.01,p99_receipt_gap,3.0,10.0,10000,-6.176124000000028,102.45011825356585,5.145000000000394,-8.184352512588001,-4.167895487412055,-6.028420567279398,1.7142189980737588e-09,-0.06028420567279398,0.529,4.9712350944139e-08,True
0.01,p99_receipt_gap,3.0,15.0,10000,-13.263150999999992,97.37340274200827,0.6499999999982151,-15.171865670979951,-11.354436329020032,-13.620917649494938,7.102462508335114e-42,-0.13620917649494937,0.5036,3.2671327538341526e-40,True
0.01,p99_receipt_gap,5.0,7.5,10000,-3.3341859999999883,88.58725751233499,-0.06000000000020833,-5.070674541164284,-1.5976974588356925,-3.7637309175484215,0.00016835465918943146,-0.03763730917548421,0.4995,0.0038721571613569237,True
0.01,p99_receipt_gap,7.5,10.0,10000,-2.630704000000042,74.68167263369985,-2.0499999999990237,-4.094615090659391,-1.1667929093406924,-3.522556347797901,0.0004293130703786398,-0.03522556347797901,0.4887,0.008613808836140425,True
0.01,p99_receipt_gap,10.0,15.0,10000,-7.087026999999964,65.54033489707774,-5.94499999999978,-8.371749472834152,-5.802304527165777,-10.813229763212508,4.207480232511191e-27,-0.10813229763212508,0.4622,1.7671416976547002e-25,True
0.05,p99_receipt_gap,1.0,2.0,10000,0.4792409999999378,86.48239092490398,6.509999999999451,-1.2159879197199919,2.1744699197198676,0.554148647920802,0.5794895116388623,0.0055414864792080205,0.5369,1.0,False
0.05,p99_receipt_gap,2.0,3.0,10000,-0.23134599999995112,66.68747772000935,1.829999999999977,-1.5385547809447855,1.075862780944883,-0.34691070634170423,0.7286657036125471,-0.003469107063417043,0.5123,1.0,False
0.05,p99_receipt_gap,3.0,5.0,10000,-1.02056300000005,56.474811520948506,0.13999999999998636,-2.1275829690614625,0.08645696906136235,-1.8071118300615967,0.07077488939540494,-0.018071118300615967,0.5012,0.7077488939540494,False
0.05,p99_receipt_gap,3.0,7.5,10000,-4.3029129999999665,54.442105824932,-1.9250000000001606,-5.37008784632236,-3.235738153677573,-7.903649087044368,2.9941645649177996e-15,-0.07903649087044368,0.4835,1.1078408890195859e-13,True
0.05,p99_receipt_gap,3.0,10.0,10000,-7.697798000000004,53.36501464789482,-4.889999999999361,-8.743859691459761,-6.651736308540247,-14.424802561735403,1.061767003588966e-46,-0.14424802561735403,0.4598,5.0964816172270366e-45,True
0.05,p99_receipt_gap,3.0,15.0,10000,-14.342914000000013,52.55956008895317,-11.309999999999263,-15.3731871610175,-13.312640838982526,-27.28887756238007,3.2621589233087445e-158,-0.2728887756238007,0.4104,1.761565818586722e-156,True
0.05,p99_receipt_gap,5.0,7.5,10000,-3.282349999999917,49.41050273125653,-2.690000000000623,-4.250895298899673,-2.3138047011001612,-6.643020852980594,3.233103672166336e-11,-0.06643020852980594,0.4764,1.0345931750932276e-09,True
0.05,p99_receipt_gap,7.5,10.0,10000,-3.3948850000000377,45.000279769182576,-3.4699999999996862,-4.276981052668701,-2.5127889473313747,-7.544141986257045,4.949218273063188e-14,-0.07544141986257046,0.4689,1.7817185783027476e-12,True
0.05,p99_receipt_gap,10.0,15.0,10000,-6.645116000000008,42.42699898662221,-6.065000000000417,-7.4767705702523966,-5.813461429747619,-15.662470027859618,1.2147741469228858e-54,-0.15662470027859618,0.4407,6.07387073461443e-53,True
0.1,p99_receipt_gap,1.0,2.0,10000,-0.1369179999999832,64.60347294203993,3.3650000000003573,-1.4032760929531314,1.129440092953165,-0.21193597459198737,0.8321613040407108,-0.002119359745919874,0.5228,1.0,False
0.1,p99_receipt_gap,2.0,3.0,10000,-0.8643599999999607,52.743335753979764,-0.19999999999975415,-1.898235533925527,0.1695155339256056,-1.6388041970491793,0.10128550606573154,-0.016388041970491794,0.4979,0.9115695545915838,False
0.1,p99_receipt_gap,3.0,5.0,10000,-1.1073390000000058,47.53080425960024,-0.26999999999987523,-2.0390384257060834,-0.17563957429392807,-2.329729145654728,0.019840275061872054,-0.023297291456547284,0.4972,0.29760412592808083,False
0.1,p99_receipt_gap,3.0,7.5,10000,-4.153188000000008,46.2374964921852,-2.4600000000014006,-5.059535990506703,-3.246840009493313,-8.98229427430604,3.1302489781196643e-19,-0.08982294274306041,0.4765,1.1894946116854724e-17,True
0.1,p99_receipt_gap,3.0,10.0,10000,-7.033818000000002,45.59462139214298,-5.284999999999627,-7.927564344672162,-6.140071655327842,-15.426859101437989,4.4049032701214745e-53,-0.1542685910143799,0.4528,2.1584026023595223e-51,True
0.1,p99_receipt_gap,3.0,15.0,10000,-11.522362000000033,44.78722902602186,-10.200000000000045,-12.400281829309105,-10.644442170690962,-25.726891907747667,2.1763278746792613e-141,-0.2572689190774767,0.4059,1.1534537735800084e-139,True
0.1,p99_receipt_gap,5.0,7.5,10000,-3.0458490000000022,42.56604956178956,-2.699999999999349,-3.880229241383894,-2.2114687586161104,-7.155582985399195,8.916809986563973e-13,-0.07155582985399195,0.4751,3.0317153954317507e-11,True
0.1,p99_receipt_gap,7.5,10.0,10000,-2.8806299999999934,41.00222108613745,-2.7100000000020827,-3.684356055843282,-2.0769039441567045,-7.025546235527989,2.271308339290556e-12,-0.0702554623552799,0.4713,7.495317519658834e-11,True
0.1,p99_receipt_gap,10.0,15.0,10000,-4.488544000000032,39.77385247463623,-4.139999999999532,-5.268191558798746,-3.7088964412013183,-11.285162790962668,2.337192586960568e-29,-0.11285162790962668,0.4558,1.02836473826265e-27,True
0.15,p99_receipt_gap,1.0,2.0,10000,-0.7787769999999745,56.047264348033586,1.1900000000010778,-1.8774161839753312,0.31986218397538213,-1.3895004672557187,0.16471155720445882,-0.013895004672557188,0.5094,1.0,False
0.15,p99_receipt_gap,2.0,3.0,10000,-0.933144000000013,47.806156266248315,0.030000000000327987,-1.8702408792198129,0.003952879219787042,-1.951932706748112,0.05097406942989394,-0.01951932706748112,0.5003,0.6626629025886211,False
0.15,p99_receipt_gap,3.0,5.0,10000,-1.5650490000000141,44.27750605975772,-1.3449999999992315,-2.432977233283408,-0.6971207667166203,-3.5346367473538276,0.00041018137314954406,-0.035346367473538275,0.4858,0.008613808836140425,True
0.15,p99_receipt_gap,3.0,7.5,10000,-4.227641999999989,43.3430369158039,-3.4749999999993406,-5.077252757315448,-3.3780312426845294,-9.753912740845555,2.2330116713061812e-22,-0.09753912740845555,0.4688,9.155347852355343e-21,True
0.15,p99_receipt_gap,3.0,10.0,10000,-6.066801000000008,43.30715166799767,-5.065000000000516,-6.915708334234516,-5.2178936657655,-14.008773993056536,3.5986043620121915e-44,-0.14008773993056536,0.4489,1.69134405014573e-42,True
0.15,p99_receipt_gap,3.0,15.0,10000,-8.693367000000027,43.1419467535979,-7.254999999999768,-9.539035985414905,-7.847698014585148,-20.150613623561224,1.5011642205474722e-88,-0.20150613623561223,0.426,7.806053946846855e-87,True
0.15,p99_receipt_gap,5.0,7.5,10000,-2.6625929999999745,41.47859740867146,-3.0200000000011116,-3.4756569905371677,-1.849529009462781,-6.4191972881014925,1.4321037097739326e-10,-0.06419197288101493,0.4714,4.296311129321798e-09,True
0.15,p99_receipt_gap,7.5,10.0,10000,-1.8391590000000193,41.07888768971354,-1.7249999999996817,-2.644387875575382,-1.0339301244246564,-4.477139239728145,7.648788032898676e-06,-0.04477139239728145,0.4823,0.00020651727688826424,True
0.15,p99_receipt_gap,10.0,15.0,10000,-2.6265660000000186,39.72443591655558,-3.0899999999998116,-3.4052448948027974,-1.8478871051972399,-6.611965505356287,3.9861841406041425e-11,-0.06611965505356288,0.4693,1.2357170835872842e-09,True
0.2,p99_receipt_gap,1.0,2.0,10000,-0.7979479999999807,50.534422946339674,1.030000000000932,-1.788524397157892,0.19262839715793056,-1.5790187232320576,0.11436339455948277,-0.015790187232320577,0.5095,0.9149071564758622,False
0.2,p99_receipt_gap,2.0,3.0,10000,-0.5369580000000549,44.90555723753255,-0.04499999999953275,-1.4171973004063796,0.3432813004062699,-1.1957495531338371,0.2318226634946891,-0.011957495531338371,0.4998,1.0,False
0.2,p99_receipt_gap,3.0,5.0,10000,-2.598208999999948,43.125174402766675,-1.6149999999992986,-3.4435492135818944,-1.7528687864180015,-6.0248080987082595,1.7528057578006043e-09,-0.06024808098708259,0.4848,4.9712350944139e-08,True
0.2,p99_receipt_gap,3.0,7.5,10000,-4.094952999999964,43.328962798796724,-3.3400000000009413,-4.944287876296005,-3.2456181237039226,-9.450844736384237,4.116355126800907e-21,-0.09450844736384235,0.4692,1.6465420507203628e-19,True
0.2,p99_receipt_gap,3.0,10.0,10000,-5.660883999999995,43.42398231786871,-4.380000000001139,-6.512081450109572,-4.809686549890418,-13.036307813874949,1.5662342570845657e-38,-0.13036307813874948,0.4563,7.048054156880546e-37,True
0.2,p99_receipt_gap,3.0,15.0,10000,-7.3646929999999236,43.470778896260114,-6.095000000000894,-8.21680775723046,-6.512578242769386,-16.94170932058805,1.6961451073233227e-63,-0.16941709320588053,0.4407,8.650340047348946e-62,True
0.2,p99_receipt_gap,5.0,7.5,10000,-1.4967440000000154,42.520314893898984,-1.8600000000006816,-2.3302277498460033,-0.6632602501540275,-3.5200680045170016,0.0004333559636966195,-0.03520068004517002,0.4852,0.008613808836140425,True
0.2,p99_receipt_gap,7.5,10.0,10000,-1.5659310000000317,42.150320142343475,-1.7200000000009439,-2.392162108050696,-0.7396998919493676,-3.7151105726168017,0.00020422130896286317,-0.03715110572616802,0.4821,0.0044928687971829894,True
0.2,p99_receipt_gap,10.0,15.0,10000,-1.703808999999929,42.707860268039454,-1.3049999999977047,-2.540969016639682,-0.8666489833601762,-3.989450628775657,6.669874727616879e-05,-0.03989450628775657,0.4883,0.0017341674291803885,True
0.25,p99_receipt_gap,1.0,2.0,10000,0.013049999999948431,47.33289572569243,1.8550000000001319,-0.914770020123654,0.9408700201235508,0.027570677432407445,0.9780051190030346,0.00027570677432407444,0.5139,1.0,False
0.25,p99_receipt_gap,2.0,3.0,10000,-1.7017909999999574,44.104102847366875,-1.325000000000955,-2.5663201813229057,-0.837261818677009,-3.8585775248380516,0.00011476562214130435,-0.03858577524838051,0.4868,0.0028691405535326087,True
0.25,p99_receipt_gap,3.0,5.0,10000,-1.509485000000015,42.934097833079576,-1.5450000000003001,-2.351079728248471,-0.6678902717515596,-3.5158186061545638,0.00044034239696842003,-0.03515818606154564,0.4854,0.008613808836140425,True
0.25,p99_receipt_gap,3.0,7.5,10000,-3.2028570000000602,44.30204527297906,-2.2800000000000864,-4.071266251251101,-2.334447748749019,-7.22959172711957,5.199129373388178e-13,-0.07229591727119569,0.4787,1.819695280685862e-11,True
0.25,p99_receipt_gap,3.0,10.0,10000,-4.05475900000002,44.733102958010214,-2.955000000000254,-4.931617849439979,-3.1779001505600615,-9.064336546932852,1.4888300363515156e-19,-0.09064336546932851,0.4738,5.806437141770911e-18,True
0.25,p99_receipt_gap,3.0,15.0,10000,-4.913266000000004,44.16703026658572,-3.869999999999621,-5.779028685389644,-4.047503314610363,-11.124284268931486,1.4057504915719864e-28,-0.11124284268931486,0.4642,6.044727113759542e-27,True
0.25,p99_receipt_gap,5.0,7.5,10000,-1.693372000000045,44.189530577172654,-0.835000000001962,-2.5595757367621292,-0.8271682632379607,-3.8320660524843952,0.00012784964182465628,-0.03832066052484395,0.4913,0.0030683914037917506,True
0.25,p99_receipt_gap,7.5,10.0,10000,-0.8519019999999599,45.39003538942945,-0.7500000000009095,-1.7416380472617372,0.03783404726181738,-1.8768480629965603,0.06056801685521263,-0.018768480629965605,0.492,0.7019648606671652,False
0.25,p99_receipt_gap,10.0,15.0,10000,-0.8585069999999834,45.37153503089852,-0.7449999999998198,-1.747880403000063,0.030866403000096132,-1.8921709380459149,0.05849707172226377,-0.01892170938045915,0.4935,0.7019648606671652,False
0.01,top_1pct_share_gap,1.0,2.0,10000,-0.022823678824300357,0.22832170096575072,-0.01867545382928204,-0.02729924369175278,-0.018348113956847933,-9.996281005161228,2.037692956226154e-23,-0.09996281005161227,0.4644,6.5206174599236925e-22,True
0.01,top_1pct_share_gap,2.0,3.0,10000,0.018972278501225508,0.20759582508181157,0.02781596851240581,0.014902982514746655,0.023041574487704358,9.13904626634409,7.524952555997336e-20,0.09139046266344089,0.554,2.332735292359174e-18,True
0.01,top_1pct_share_gap,3.0,5.0,10000,0.007951013122080238,0.17890611301252443,0.014641253520278535,0.0044440932341128815,0.011457933010047595,4.444237811775399,8.915373745051036e-06,0.04444237811775399,0.533,0.0001248152324307145,True
0.01,top_1pct_share_gap,3.0,7.5,10000,0.012030149389104312,0.17412502131522786,0.020156555530047277,0.008616948521002258,0.015443350257206365,6.908914812033526,5.1813190571370054e-12,0.06908914812033526,0.553,1.1398901925701412e-10,True
0.01,top_1pct_share_gap,3.0,10.0,10000,0.017890301920444874,0.16983380018152514,0.027692601615029483,0.014561217623230448,0.0212193862176593,10.534005540312357,8.219076680634884e-26,0.10534005540312356,0.5705,2.7944860714158607e-24,True
0.01,top_1pct_share_gap,3.0,15.0,10000,0.028227676294122785,0.1637202012099288,0.04053956447871873,0.02501843084120233,0.03143692174704324,17.241413146034493,1.1498322586833245e-65,0.1724141314603449,0.5984,5.17424516407496e-64,True
0.01,top_1pct_share_gap,5.0,7.5,10000,0.004079136267024076,0.16254348703301538,0.008864372372250101,0.0008929567802686915,0.00726531575377946,2.5095661114957704,0.012103635256550786,0.025095661114957705,0.5221,0.07262181153930472,False
0.01,top_1pct_share_gap,7.5,10.0,10000,0.005860152531340563,0.14886650869234583,0.0064045924683751865,0.002942069346844203,0.008778235715836923,3.9365150582334243,8.323384086301985e-05,0.039365150582334245,0.5168,0.001082039931219258,True
0.01,top_1pct_share_gap,10.0,15.0,10000,0.010337374373677904,0.13656084578656263,0.013162697820876118,0.007660506948957691,0.013014241798398118,7.56979375320703,4.06825985197178e-14,0.0756979375320703,0.5398,1.0170649629929449e-12,True
0.05,top_1pct_share_gap,1.0,2.0,10000,-0.004323863401929145,0.15757674521077883,0.002234667598583512,-0.007412684752724238,-0.0012350420511340523,-2.743973037484326,0.006080876988485966,-0.02743973037484326,0.5063,0.048647015907887725,True
0.05,top_1pct_share_gap,2.0,3.0,10000,0.0030974241946463673,0.1319786307971973,0.006344585600778607,0.0005103774060495406,0.005684470983243194,2.3469134176774205,0.018949057066110452,0.023469134176774202,0.5213,0.09474528533055226,False
0.05,top_1pct_share_gap,3.0,5.0,10000,0.005989610820510091,0.11455161045005383,0.008897609997300882,0.003744168704969521,0.00823505293605066,5.228744316188944,1.7411293419927095e-07,0.05228744316188945,0.5313,2.9599198813876063e-06,True
0.05,top_1pct_share_gap,3.0,7.5,10000,0.011683920237950701,0.10948608866055178,0.017253828959708423,0.009537772544536966,0.013830067931364437,10.671602557814689,1.9177498147468177e-26,0.10671602557814688,0.5606,6.712124351613862e-25,True
0.05,top_1pct_share_gap,3.0,10.0,10000,0.016729553695952536,0.10677237253928977,0.019810053670613892,0.014636600300238875,0.018822507091666198,15.668429293164246,1.1085708546834755e-54,0.15668429293164246,0.5735,4.877711760607292e-53,True
0.05,top_1pct_share_gap,3.0,15.0,10000,0.026777200555771277,0.10346670021496986,0.03173058906588527,0.024749044990730117,0.028805356120812437,25.880017918941107,5.326860303661709e-143,0.25880017918941106,0.6146,2.6634301518308544e-141,True
0.05,top_1pct_share_gap,5.0,7.5,10000,0.005694309417440611,0.10011150985947574,0.006103756495482088,0.0037319223361447483,0.007656696498736475,5.6879667736842485,1.3217297945753294e-08,0.05687966773684249,0.5214,2.643459589150659e-07,True
0.05,top_1pct_share_gap,7.5,10.0,10000,0.005045633458001832,0.08962927318445857,0.0045483765963336975,0.003288719312465437,0.006802547603538226,5.629448146497665,1.8566416887952288e-08,0.05629448146497665,0.5202,3.341955039831412e-07,True
0.05,top_1pct_share_gap,10.0,15.0,10000,0.010047646859818737,0.08195087663941729,0.010671910073535101,0.0084412447403841,0.011654048979253375,12.26057276242235,2.5990732978767964e-34,0.1226057276242235,0.5468,1.0136385861719506e-32,True
0.1,top_1pct_share_gap,1.0,2.0,10000,-0.003306779117342314,0.12646374067675084,-0.00207917962278642,-0.005785722960110821,-0.0008278352745738076,-2.6148041325099234,0.00894125988519832,-0.026148041325099233,0.4933,0.06258881919638823,False
0.1,top_1pct_share_gap,2.0,3.0,10000,-0.00015505411265863005,0.10654561312821703,0.0009142107752062312,-0.002243562567531063,0.001933454342213803,-0.1455283874259918,0.8842966377761048,-0.0014552838742599179,0.5044,1.0,False
0.1,top_1pct_share_gap,3.0,5.0,10000,0.0035773914203695227,0.09467608073154739,0.0036902356574326223,0.0017215496895225547,0.005433233151216491,3.778558842663928,0.0001586544592876465,0.037785588426639274,0.517,0.0019038535114517582,True
0.1,top_1pct_share_gap,3.0,7.5,10000,0.009778577943144774,0.09024620702586104,0.011645242867295347,0.0080095706526535,0.011547585233636049,10.83544479641412,3.310804025845476e-27,0.10835444796414119,0.547,1.1918894493043714e-25,True
0.1,top_1pct_share_gap,3.0,10.0,10000,0.015756090662711067,0.08853893402729665,0.016941119014653422,0.014020549359111118,0.017491631966311014,17.795663383357933,9.039493050758602e-70,0.17795663383357932,0.5727,4.158166803348957e-68,True
0.1,top_1pct_share_gap,3.0,15.0,10000,0.025428802307566493,0.08463645179849845,0.02691243473808351,0.023769757509928047,0.02708784710520494,30.04474049562842,5.965260886956813e-190,0.3004474049562842,0.6269,3.042283052347975e-188,True
0.1,top_1pct_share_gap,5.0,7.5,10000,0.00620118652277525,0.08413499323637574,0.007284214621937929,0.004551971322208069,0.007850401723342431,7.37052002292688,1.8342257124288074e-13,0.0737052002292688,0.5353,4.402141709829138e-12,True
0.1,top_1pct_share_gap,7.5,10.0,10000,0.0059775127195662945,0.07805389257312675,0.006320423142796419,0.004447499331042207,0.007507526108090382,7.658186571497521,2.0604002976153496e-14,0.07658186571497522,0.5295,5.563080803561444e-13,True
0.1,top_1pct_share_gap,10.0,15.0,10000,0.009672711644855425,0.07050707317443919,0.010639343561976766,0.008290631105547633,0.011054792184163217,13.7187819737241,1.896937021423378e-42,0.137187819737241,0.5611,7.77744178783585e-41,True
0.15,top_1pct_share_gap,1.0,2.0,10000,-0.003776687726944206,0.11208459579634385,-0.0014916153664003562,-0.005973771390069028,-0.0015796040638193834,-3.369497565755062,0.000755900625732421,-0.03369497565755062,0.4945,0.00755900625732421,True
0.15,top_1pct_share_gap,2.0,3.0,10000,-3.020683465151227e-05,0.09711591077970617,9.155387118237046e-05,-0.0019338741449327025,0.001873460475629678,-0.031103898845197715,0.9751873011338221,-0.00031103898845197714,0.5006,1.0,False
0.15,top_1pct_share_gap,3.0,5.0,10000,0.0027515623401089327,0.08748360905529719,0.004204992906620603,0.0010367075299454293,0.004466417150272436,3.145231855226398,0.0016644158714930945,0.03145231855226398,0.517,0.014979742843437852,True
0.15,top_1pct_share_gap,3.0,7.5,10000,0.008572840638738888,0.08535294518002003,0.010204337858508605,0.006899751128782092,0.010245930148695685,10.043989250350643,1.263523436266634e-23,0.10043989250350642,0.5464,4.169627339679892e-22,True
0.15,top_1pct_share_gap,3.0,10.0,10000,0.014909742451123014,0.08284153567275167,0.016430407299035582,0.0132858816220624,0.01653360328018363,17.997906883354823,2.6808838799977377e-71,0.17997906883354822,0.5808,1.2600154235989366e-69,True
0.15,top_1pct_share_gap,3.0,15.0,10000,0.025346225833069308,0.08048729971172558,0.0271125949774864,0.023768512767065354,0.02692393889907326,31.490963075975586,1.2713074576857745e-207,0.31490963075975587,0.6293,6.610798779966027e-206,True
0.15,top_1pct_share_gap,5.0,7.5,10000,0.005821278298629953,0.07914066176302113,0.00526051433557731,0.004269962046712908,0.007372594550546998,7.3556098331110675,2.049837580748325e-13,0.07355609833111068,0.527,4.714626435721148e-12,True
0.15,top_1pct_share_gap,7.5,10.0,10000,0.006336901812384127,0.07405165054746442,0.0068607909134781875,0.0048853404226202575,0.007788463202147996,8.557407924786771,1.3238918784437929e-17,0.08557407924786771,0.5358,3.8392864474869993e-16,True
0.15,top_1pct_share_gap,10.0,15.0,10000,0.010436483381946294,0.06848231931345919,0.010999012338602704,0.009094092093406654,0.011778874670485934,15.23967570983706,7.360690421850437e-52,0.1523967570983706,0.5638,3.165096881395688e-50,True
0.2,top_1pct_share_gap,1.0,2.0,10000,-0.00533843911548647,0.10282573286171019,-0.0036736055454724414,-0.007354030430369633,-0.0033228478006033057,-5.191734565768774,2.1243778533163503e-07,-0.05191734565768775,0.4868,3.3990045653061604e-06,True
0.2,top_1pct_share_gap,2.0,3.0,10000,0.0002651352265623773,0.09053006657948234,0.0009677282357072325,-0.0015094362824858915,0.0020397067356106463,0.2928698018018108,0.7696277491724359,0.0029286980180181083,0.5036,1.0,False
0.2,top_1pct_share_gap,3.0,5.0,10000,0.0030769315307891502,0.08448450825672565,0.0036314716202160424,0.0014208651323765243,0.004732997929201776,3.642006794238755,0.0002718884954771197,0.03642006794238755,0.5165,0.0029907734502483165,True
0.2,top_1pct_share_gap,3.0,7.5,10000,0.009190554983952996,0.08335030693047835,0.010749987413676748,0.0075567212142694795,0.010824388753636512,11.026420084593983,4.136734120504086e-28,0.11026420084593984,0.5538,1.5305916245865118e-26,True
0.2,top_1pct_share_gap,3.0,10.0,10000,0.015671694723451195,0.08092390891791329,0.01733250263050004,0.014085423238270462,0.017257966208631927,19.36596357369251,4.708342976501305e-82,0.19365963573692513,0.583,2.260004628720626e-80,True
0.2,top_1pct_share_gap,3.0,15.0,10000,0.025949016201133497,0.07768247666903881,0.027231985528872724,0.024426283311854632,0.027471749090412362,33.40395068979019,4.9385050913430884e-232,0.33403950689790196,0.6345,2.6667927493252676e-230,True
0.2,top_1pct_share_gap,5.0,7.5,10000,0.006113623453163846,0.08034490136965017,0.007124046168971387,0.00453870168126063,0.007688545225067062,7.609223919556933,3.006193416489958e-14,0.07609223919556933,0.533,7.816102882873891e-13,True
0.2,top_1pct_share_gap,7.5,10.0,10000,0.006481139739498201,0.07584553068197265,0.004946834616002385,0.004994414688669849,0.007967864790326552,8.545183455402562,1.470694026968351e-17,0.08545183455402562,0.5288,4.117943275511383e-16,True
0.2,top_1pct_share_gap,10.0,15.0,10000,0.010277321477682304,0.07063072318439431,0.010601130000175277,0.008892817149316903,0.011661825806047705,14.550780473890226,1.762032339894459e-47,0.14550780473890226,0.5578,7.400535827556729e-46,True
0.25,top_1pct_share_gap,1.0,2.0,10000,-0.00546955774920812,0.09656327966852761,-0.004860361941327218,-0.007362392377464823,-0.003576723120951417,-5.664221190480946,1.517757670868982e-08,-0.05664221190480946,0.4802,2.8837395746510663e-07,True
0.25,top_1pct_share_gap,2.0,3.0,10000,-0.0011292779585234478,0.08909819074046903,0.00021837968487350978,-0.002875781819281889,0.000617225902234993,-1.2674532997116426,0.2050227679701149,-0.012674532997116425,0.5012,0.8200910718804596,False
0.25,top_1pct_share_gap,3.0,5.0,10000,0.0038028124086775406,0.08413861340873278,0.002838574238717445,0.0021535262454460717,0.00545209857190901,4.5196994038920595,6.263886846060018e-06,0.0451969940389206,0.5138,9.395830269090027e-05,True
0.25,top_1pct_share_gap,3.0,7.5,10000,0.009277986300180579,0.08228344021009583,0.010091420282608343,0.007665065265431157,0.01089090733493,11.275642190568266,2.600796466122308e-29,0.11275642190568266,0.5498,9.88302657126477e-28,True
0.25,top_1pct_share_gap,3.0,10.0,10000,0.016098488263900257,0.08186924531392954,0.018180308851098545,0.014493686282739341,0.017703290245061173,19.663657826782483,1.722192818955061e-84,0.19663657826782482,0.5904,8.438744812879798e-83,True
0.25,top_1pct_share_gap,3.0,15.0,10000,0.025875210432300212,0.07950258617546584,0.02674044213584123,0.02431679973347707,0.027433621131123354,32.54637575586842,6.029968021617975e-221,0.32546375755868423,0.6284,3.195883051457527e-219,True
0.25,top_1pct_share_gap,5.0,7.5,10000,0.005475173891503036,0.08140647880616672,0.006303886670434883,0.003879443065274904,0.007070904717731168,6.725722536826245,1.8427811152511737e-11,0.06725722536826245,0.5299,3.8698403420274645e-10,True
0.25,top_1pct_share_gap,7.5,10.0,10000,0.006820501963719681,0.07752132086262704,0.006258522687911161,0.005300928052594499,0.008340075874844862,8.7982272332615,1.6195458885506234e-18,0.08798227233261499,0.5366,4.85863766565187e-17,True
0.25,top_1pct_share_gap,10.0,15.0,10000,0.009776722168399955,0.07362663289128607,0.009221111398779,0.008333491980103108,0.011219952356696802,13.27878484248471,6.684794186829899e-40,0.1327878484248471,0.548,2.6739176747319597e-38,True
0.01,zero_receipt_gap,1.0,2.0,10000,-0.00945990121972057,0.09619763832759719,-0.010973853571712294,-0.011345568541792032,-0.007574233897649107,-9.833818567879241,1.0204879800507869e-22,-0.0983381856787924,0.4554,1.938927162096495e-21,True
0.01,zero_receipt_gap,2.0,3.0,10000,-0.0023403991146436227,0.08076705862501828,-0.0025042190803599984,-0.003923596018401033,-0.0007572022108862121,-2.897714927950421,0.0037670841045674736,-0.028977149279504212,0.4864,0.022602504627404842,True
0.01,zero_receipt_gap,3.0,5.0,10000,-0.0011808736259352126,0.07788463240186595,-0.002177037804082904,-0.002707569174443438,0.00034582192257301284,-1.5161830896783193,0.1295046741861129,-0.015161830896783192,0.4901,0.38851402255833867,False
0.01,zero_receipt_gap,3.0,7.5,10000,0.0006844911911200311,0.07756301855545267,-4.104545842159579e-05,-0.0008359000787068195,0.002204882460946882,0.8824968443313782,0.3775294003509744,0.008824968443313782,0.4997,0.7550588007019488,False
0.01,zero_receipt_gap,3.0,10.0,10000,0.0039024290003057964,0.07879178695476516,0.0023577486578155726,0.0023579513967886424,0.0054469066038229505,4.952837283086629,7.433564758921537e-07,0.0495283728308663,0.5129,9.663634186597997e-06,True
0.01,zero_receipt_gap,3.0,15.0,10000,0.010210261318180883,0.0775204832430887,0.008515947905617716,0.008690703826084476,0.01172981881027729,13.171049625895066,2.7331687592123975e-39,0.13171049625895068,0.5419,6.012971270267274e-38,True
0.01,zero_receipt_gap,5.0,7.5,10000,0.0018653648170552436,0.07682267597410433,0.0019817677913484544,0.00035948575186310963,0.0033712438822473775,2.428143505029723,0.015193859704358562,0.024281435050297225,0.51,0.07596929852179281,False
0.01,zero_receipt_gap,7.5,10.0,10000,0.003217937809185766,0.07658000476212144,0.003460722307642189,0.0017168155881573657,0.004719060030214166,4.2020600797578505,2.667950675509749e-05,0.0420206007975785,0.5189,0.0002667950675509749,True
0.01,zero_receipt_gap,10.0,15.0,10000,0.006307832317875087,0.07676456361454412,0.007035770665561325,0.004803092371889373,0.007812572263860802,8.21711479993352,2.3428908211231897e-16,0.0821711479993352,0.5363,3.982914395909422e-15,True
0.05,zero_receipt_gap,1.0,2.0,10000,-0.010048866042966354,0.047230728178628584,-0.01091355629085955,-0.0109746833735414,-0.009123048712391309,-21.27611923525956,2.79276441070427e-98,-0.21276119235259564,0.4102,9.216122555324091e-97,True
0.05,zero_receipt_gap,2.0,3.0,10000,-0.0019590890408288245,0.04817406380246849,-0.00336491066009742,-0.0029033976482225705,-0.0010147804334350785,-4.066688350938827,4.805168028201432e-05,-0.040666883509388276,0.4719,0.0004324651225381289,True
0.05,zero_receipt_gap,3.0,5.0,10000,2.3559093989358193e-05,0.05432074504349187,-0.0007163785147302482,-0.0010412368367617051,0.0010883550247404216,0.04337034400116497,0.9654071835090288,0.00043370344001164964,0.4945,0.9654071835090288,False
0.05,zero_receipt_gap,3.0,7.5,10000,0.004668584310899584,0.05648912247116101,0.0033492975013793835,0.0035612838184112695,0.005775884803387898,8.264572198449361,1.5799183852883697e-16,0.08264572198449362,0.5228,2.8438530935190656e-15,True
0.05,zero_receipt_gap,3.0,10.0,10000,0.011148210055860992,0.0582275826386381,0.008379778125825493,0.010006832245202237,0.012289587866519746,19.145926295870936,2.831033618181254e-80,0.19145926295870935,0.5585,8.209997492725636e-79,True
0.05,zero_receipt_gap,3.0,15.0,10000,0.025450958701287146,0.05874484427133951,0.022931399482151588,0.02429944152156795,0.02660247588100634,43.324582807182935,0.0,0.4332458280718293,0.6583,0.0,True
0.05,zero_receipt_gap,5.0,7.5,10000,0.004645025216910226,0.058917722996701484,0.003637868554152962,0.003490119266231952,0.005799931167588499,7.8839184215762685,3.503841238531667e-15,0.07883918421576268,0.5265,5.6061459816506674e-14,True
0.05,zero_receipt_gap,7.5,10.0,10000,0.006479625744961408,0.06195649185699394,0.006168297202065132,0.00526515380868515,0.007694097681237666,10.458348351803844,1.8154510940931727e-25,0.10458348351803844,0.5441,3.8124472975956625e-24,True
0.05,zero_receipt_gap,10.0,15.0,10000,0.014302748645426154,0.06288648651744316,0.015053030299009978,0.01307004694206416,0.015535450348788149,22.743755355864767,1.0929583351203577e-111,0.22743755355864767,0.607,3.8253541729212516e-110,True
0.1,zero_receipt_gap,1.0,2.0,10000,-0.009405436892342751,0.036687170894310187,-0.00986243066556955,-0.010124579279799947,-0.008686294504885556,-25.63685523595781,1.910863069695298e-140,-0.2563685523595781,0.394,6.879107050903072e-139,True
0.1,zero_receipt_gap,2.0,3.0,10000,-0.0018685259296224031,0.04294073425492329,-0.0035702845511302594,-0.0027102507450956982,-0.001026801114149108,-4.351406565452874,1.3661018883153345e-05,-0.043514065654528734,0.4645,0.0001502712077146868,True
0.1,zero_receipt_gap,3.0,5.0,10000,0.0011352702264665795,0.05201595491794766,-0.0011200085933223691,0.00011565282088025412,0.002154887632052905,2.1825423146751923,0.029092718414015412,0.021825423146751927,0.4924,0.11637087365606165,False
0.1,zero_receipt_gap,3.0,7.5,10000,0.009386990192140376,0.05575331397145003,0.0053169804020932465,0.00829411302716123,0.010479867357119522,16.836649740582658,9.578479615028337e-63,0.16836649740582657,0.5425,2.4904046999073675e-61,True
0.1,zero_receipt_gap,3.0,10.0,10000,0.019035701613291583,0.057493101912661375,0.016274712633494365,0.01790872110310448,0.020162682123478687,33.10954006657877,3.355653281959371e-228,0.3310954006657877,0.6124,1.4093743784229359e-226,True
0.1,zero_receipt_gap,3.0,15.0,10000,0.04122340106097961,0.05825772664801631,0.037620242938122855,0.04008143236706812,0.0423653697548911,70.76040112248918,0.0,0.7076040112248918,0.7532,0.0,True
0.1,zero_receipt_gap,5.0,7.5,10000,0.008251719965673799,0.05946358543618155,0.0066320890069462846,0.007086114012559203,0.009417325918788395,13.87692972959029,2.2042061424355377e-43,0.1387692972959029,0.5521,5.069674127601737e-42,True
0.1,zero_receipt_gap,7.5,10.0,10000,0.009648711421151208,0.06255266373290337,0.008891146799487992,0.008422553316230019,0.010874869526072398,15.424940914348118,4.534617253993264e-53,0.15424940914348118,0.5663,1.1336543134983159e-51,True
0.1,zero_receipt_gap,10.0,15.0,10000,0.02218769944768802,0.06423630772141944,0.02163046287004526,0.020928538532029053,0.023446860363346988,34.54074531168855,4.4084135612533504e-247,0.34540745311688553,0.6507,1.8956178313389405e-245,True
0.15,zero_receipt_gap,1.0,2.0,10000,-0.009675139013523414,0.033209522884097724,-0.010476429326291947,-0.010326112500740121,-0.009024165526306707,-29.13362846943015,3.574757573373161e-179,-0.29133628469430145,0.3802,1.394155453615533e-177,True
0.15,zero_receipt_gap,2.0,3.0,10000,-0.001430786291095616,0.04157071830556914,-0.002766969075108122,-0.002245656036617857,-0.000615916545573375,-3.4418127696964445,0.0005801942939934399,-0.034418127696964444,0.4723,0.004061360057954079,True
0.15,zero_receipt_gap,3.0,5.0,10000,0.003535177611587188,0.052319800712178656,0.0013589176486289017,0.002509604216902886,0.00456075100627149,6.756863679651389,1.4886646579222573e-11,0.06756863679651388,0.513,2.0841305210911602e-10,True
0.15,zero_receipt_gap,3.0,7.5,10000,0.012488325998647161,0.056403438346596085,0.009080344110854538,0.011382705087451293,0.01359394690984303,22.14107218412302,4.385722358488933e-106,0.22141072184123017,0.5735,1.4911456018862374e-104,True
0.15,zero_receipt_gap,3.0,10.0,10000,0.025608381285055225,0.05801676098267804,0.02131455563832882,0.024471136003160587,0.026745626566949864,44.13962594826877,0.0,0.4413962594826877,0.6542,0.0,True
0.15,zero_receipt_gap,3.0,15.0,10000,0.051927088063402106,0.058545137107842954,0.04896299318545316,0.050779485546025314,0.0530746905807789,88.69581766927955,0.0,0.8869581766927954,0.814,0.0,True
0.15,zero_receipt_gap,5.0,7.5,10000,0.008953148387059974,0.06088392297653551,0.0075582676841546015,0.007759700959531671,0.010146595814588277,14.705275135622406,1.9082907614378457e-48,0.14705275135622406,0.5596,4.579897827450829e-47,True
0.15,zero_receipt_gap,7.5,10.0,10000,0.013120055286408066,0.06514650795322707,0.01179179901268898,0.01184305261430372,0.014397057958512411,20.13930707663995,1.8694865347706065e-88,0.20139307076639948,0.5862,5.795408257788881e-87,True
0.15,zero_receipt_gap,10.0,15.0,10000,0.02631870677834688,0.06556342685223794,0.02585895858306478,0.02503353165671585,0.027603881899977912,40.14235991303819,0.0,0.4014235991303819,0.67,0.0,True
0.2,zero_receipt_gap,1.0,2.0,10000,-0.00952498415977185,0.031582008252502916,-0.011078219442191117,-0.010144055084614413,-0.008905913234929288,-30.159526536812248,2.5014158813652687e-191,-0.3015952653681225,0.3695,1.0005663525461075e-189,True
0.2,zero_receipt_gap,2.0,3.0,10000,-0.0016151287197051609,0.041075811927314555,-0.0033240792031853095,-0.002420297304147113,-0.0008099601352632088,-3.932067666886784,8.478678876533774e-05,-0.03932067666886784,0.4654,0.0006782943101227019,True
0.2,zero_receipt_gap,3.0,5.0,10000,0.0037209730407758244,0.05311316093197915,0.0014892228859678114,0.002679848189037924,0.004762097892513724,7.005745799127248,2.6150741447174986e-12,0.07005745799127248,0.5126,3.922611217076248e-11,True
0.2,zero_receipt_gap,3.0,7.5,10000,0.015444428971874776,0.05834620540416485,0.0110725367178168,0.014300725916267224,0.016588132027482327,26.470322902562447,2.736965205259446e-149,0.26470322902562443,0.5811,1.012677125945995e-147,True
0.2,zero_receipt_gap,3.0,10.0,10000,0.02960555179156414,0.060045429244150364,0.02518023390023616,0.028428540528773437,0.030782563054354846,49.30525464508744,0.0,0.49305254645087443,0.6791,0.0,True
0.2,zero_receipt_gap,3.0,15.0,10000,0.05867084320608425,0.06083665087877598,0.05623763877196605,0.05747832240681357,0.05986336400535493,96.43996235590392,0.0,0.9643996235590392,0.8318,0.0,True
0.2,zero_receipt_gap,5.0,7.5,10000,0.011723455931098952,0.06275689207153214,0.009790312579495794,0.010493294539703288,0.012953617322494617,18.68074651902171,1.4163617122660748e-76,0.18680746519021713,0.5722,3.9658127943450095e-75,True
0.2,zero_receipt_gap,7.5,10.0,10000,0.014161122819689361,0.06725670905609675,0.013431239979295906,0.012842755958901613,0.01547948968047711,21.055331160907688,2.470797558135084e-96,0.21055331160907687,0.592,7.906552186032269e-95,True
0.2,zero_receipt_gap,10.0,15.0,10000,0.029065291414520106,0.06954922721887588,0.028810836435974374,0.027701986583736814,0.030428596245303398,41.79096242586531,0.0,0.4179096242586531,0.6755,0.0,True
0.25,zero_receipt_gap,1.0,2.0,10000,-0.009761921751052187,0.03046022246335668,-0.011080196993032393,-0.010359003416680782,-0.009164840085423592,-32.048097359747366,1.3037927256431238e-214,-0.3204809735974737,0.3614,5.3455501751368073e-213,True
0.25,zero_receipt_gap,2.0,3.0,10000,-0.0018984494543382504,0.04119785086625438,-0.0038861146330559093,-0.002706010247603411,-0.0010908886610730899,-4.608127400871999,4.113405231700966e-06,-0.04608127400871999,0.4606,4.936086278041159e-05,True
0.25,zero_receipt_gap,3.0,5.0,10000,0.005441042912387885,0.05370166132914978,0.003222897737854863,0.004388382268428229,0.006493703556347541,10.131982470781464,5.2032706248477946e-24,0.10131982470781466,0.5223,1.0406541249695589e-22,True
0.25,zero_receipt_gap,3.0,7.5,10000,0.017286893354025865,0.05934923671113834,0.013213035189959171,0.016123528866064503,0.018450257841987228,29.12740636945977,4.22562697201214e-179,0.2912740636945977,0.5983,1.6057382493646131e-177,True
0.25,zero_receipt_gap,3.0,10.0,10000,0.03131474148902334,0.062211400776208355,0.027143291752637272,0.03009527282489156,0.03253421015315513,50.33601735101762,0.0,0.5033601735101761,0.6784,0.0,True
0.25,zero_receipt_gap,3.0,15.0,10000,0.061722174541401206,0.0622094468900984,0.058386148718303846,0.060502744177369644,0.06294160490543277,99.21672290454852,0.0,0.9921672290454853,0.843,0.0,True
0.25,zero_receipt_gap,5.0,7.5,10000,0.01184585044163798,0.06405766049621102,0.010520142819647693,0.010590191371144971,0.013101509512130988,18.492480602438885,4.210590338385335e-75,0.18492480602438885,0.5726,1.1368593913640405e-73,True
0.25,zero_receipt_gap,7.5,10.0,10000,0.014027848134997477,0.07029939629497332,0.013641412009793075,0.012649838480505224,0.01540585778948973,19.954436132192676,6.6510973900410545e-87,0.19954436132192677,0.5924,1.9953292170123164e-85,True
0.25,zero_receipt_gap,10.0,15.0,10000,0.030407433052377867,0.07114176105427163,0.030097598192447783,0.02901291135322955,0.03180195475152619,42.74203028117489,0.0,0.427420302811749,0.6755,0.0,True
