synthetic_fraction,metric,baseline_activity,treatment_activity,n_worlds,mean_difference,std_difference,median_difference,ci95_low,ci95_high,t_statistic,p_raw,cohens_dz,fraction_difference_gt_0,family,p_holm,reject_holm_0_05
0.01,exposure_minus_production,1.0,2.0,10000,0.00039356558477888365,0.01253738706916784,-0.0007623339299312492,0.00014780756502395505,0.0006393236045338122,3.1391356317517465,0.0016994003680813133,0.031391356317517466,0.4658,adjacent,0.01529460331273182,True
0.01,exposure_minus_production,2.0,3.0,10000,-3.158359453916082e-06,0.016124000287307844,-0.0007003107498765506,-0.0003192212168320357,0.0003129044979242035,-0.019587939702545243,0.9843724755441072,-0.00019587939702545243,0.4776,adjacent,1.0,False
0.01,exposure_minus_production,3.0,5.0,10000,-0.00043014985060708336,0.019828877471876897,-0.0014737533503331457,-0.0008188357573727449,-4.146394384142184e-05,-2.1693101448488985,0.03008262764191667,-0.02169310144848899,0.466,adjacent,0.2105783934934167,False
0.01,exposure_minus_production,5.0,7.5,10000,-0.00165352485553973,0.02469751593340964,-0.0024312881577016505,-0.002137645874949512,-0.0011694038361299481,-6.695105936961536,2.2708717885884988e-11,-0.06695105936961535,0.4547,adjacent,3.256313629264335e-10,True
0.01,exposure_minus_production,7.5,10.0,10000,-0.0030494934996278195,0.028473694090723478,-0.003729857010405093,-0.003607635210993861,-0.002491351788261778,-10.70986254860876,1.275412134889788e-26,-0.1070986254860876,0.444,adjacent,2.678365483268555e-25,True
0.01,exposure_minus_production,10.0,15.0,10000,-0.008977862976118044,0.033192841802307235,-0.009414405555380007,-0.009628509480558708,-0.00832721647167738,-27.047587638290107,1.4735107739197722e-155,-0.2704758763829011,0.3816,adjacent,5.0099366313272254e-154,True
0.05,exposure_minus_production,1.0,2.0,10000,0.0011932570326108603,0.026934180341486647,0.0002560444682730492,0.0006652928892109839,0.0017212211760107366,4.430270449971294,9.511619590015864e-06,0.04430270449971294,0.5047,adjacent,0.0001046278154901745,True
0.05,exposure_minus_production,2.0,3.0,10000,0.0005287338973764281,0.033446845445294915,0.0002883853599408605,-0.0001268915896837251,0.0011843593844365814,1.580818430967477,0.11395118864911748,0.01580818430967477,0.5037,adjacent,0.6837071318947049,False
0.05,exposure_minus_production,3.0,5.0,10000,-0.0011475029613677958,0.03975893013692981,-0.0008694228706665613,-0.0019268580123142265,-0.0003681479104213651,-2.8861515071351116,0.003908190973891069,-0.028861515071351113,0.4898,adjacent,0.03126552779112855,True
0.05,exposure_minus_production,5.0,7.5,10000,-0.005801067827809641,0.04555393891404313,-0.005993697088715527,-0.0066940167140320155,-0.004908118941587267,-12.734503241872941,7.346335125068183e-37,-0.1273450324187294,0.4489,adjacent,1.6896570787656822e-35,True
0.05,exposure_minus_production,7.5,10.0,10000,-0.007885848351647066,0.04866944753370789,-0.00785884316174712,-0.008839867477200341,-0.006931829226093791,-16.20287213284149,2.6518676907342076e-58,-0.16202872132841492,0.4391,adjacent,8.220789841276044e-57,True
0.05,exposure_minus_production,10.0,15.0,10000,-0.01789166409894512,0.04979423622390435,-0.018279160384467946,-0.0188677313466167,-0.016915596851273543,-35.9311949650028,5.0376534701003107e-266,-0.359311949650028,0.3597,adjacent,1.8135552492361118e-264,True
0.1,exposure_minus_production,1.0,2.0,10000,0.0016794395674078189,0.035636665267542986,0.0011972423630050022,0.000980889204520928,0.00237798993029471,4.712673183080943,2.477876632475778e-06,0.04712673183080943,0.5154,adjacent,2.9734519589709335e-05,True
0.1,exposure_minus_production,2.0,3.0,10000,0.00012049698704619667,0.042910481194884234,-0.00022726045693741148,-0.000720634807561929,0.0009616287816543222,0.28081015101867995,0.7788618273148132,0.0028081015101867994,0.4985,adjacent,1.0,False
0.1,exposure_minus_production,3.0,5.0,10000,-0.0016387012282764993,0.048955645142673754,-0.0009226882250873425,-0.002598330402977178,-0.0006790720535758208,-3.3473182173388887,0.0008189850309175898,-0.033473182173388884,0.4929,adjacent,0.008189850309175899,True
0.1,exposure_minus_production,5.0,7.5,10000,-0.007183087436251952,0.05158223292887868,-0.007443397615217201,-0.008194203017927944,-0.00617197185457596,-13.925506959258545,1.1325764917223212e-43,-0.13925506959258543,0.4413,adjacent,3.057956527650267e-42,True
0.1,exposure_minus_production,7.5,10.0,10000,-0.008260045450323168,0.051588409897555115,-0.00816965883277776,-0.009271282113017209,-0.0072488087876291275,-16.011436419005868,5.417709948505245e-57,-0.1601143641900587,0.434,adjacent,1.6253129845515734e-55,True
0.1,exposure_minus_production,10.0,15.0,10000,-0.014908230453473451,0.048703172635272546,-0.01509673157121813,-0.015862910658893753,-0.013953550248053148,-30.61038870120011,8.823662074080297e-197,-0.3061038870120011,0.3816,adjacent,3.088281725928104e-195,True
0.15,exposure_minus_production,1.0,2.0,10000,0.002798788304458703,0.041762253242421214,0.0027438770027195386,0.001980164088684011,0.003617412520233395,6.701717668853541,2.1708757528428897e-11,0.06701717668853541,0.5272,adjacent,3.256313629264335e-10,True
0.15,exposure_minus_production,2.0,3.0,10000,0.00034236409529141685,0.048799464805578695,0.000282615246175566,-0.0006142036304679961,0.0012989318210508299,0.7015734632652738,0.482961533729183,0.0070157346326527375,0.5021,adjacent,1.0,False
0.15,exposure_minus_production,3.0,5.0,10000,-0.0034365005593971127,0.05269820114171483,-0.003185006445749816,-0.004469491364082731,-0.0024035097547114945,-6.52109651742334,7.316757776569299e-11,-0.0652109651742334,0.4787,adjacent,9.51178510954009e-10,True
0.15,exposure_minus_production,5.0,7.5,10000,-0.007151800837938097,0.05258876862906357,-0.007283856583503084,-0.008182646545127913,-0.006120955130748281,-13.599483358097876,9.472474177252695e-42,-0.13599483358097877,0.4425,adjacent,2.462843286085701e-40,True
0.15,exposure_minus_production,7.5,10.0,10000,-0.007128711067055009,0.04976402635863909,-0.006355117920746278,-0.008104186140565918,-0.006153235993544101,-14.325028717893238,4.3573747906544436e-46,-0.14325028717893237,0.449,adjacent,1.2200649413832442e-44,True
0.15,exposure_minus_production,10.0,15.0,10000,-0.01096592474805444,0.0437393020719838,-0.011157100821660548,-0.01182330309996863,-0.01010854639614025,-25.071101340408468,1.3916624168925373e-134,-0.2507110134040847,0.3946,adjacent,4.592485975745373e-133,True
0.2,exposure_minus_production,1.0,2.0,10000,0.0031524837248349882,0.04564729186408581,0.00400512056200561,0.0022577049329062493,0.004047262516763727,6.9061790877352935,5.281690135581964e-12,0.06906179087735294,0.5367,adjacent,8.450704216931142e-11,True
0.2,exposure_minus_production,2.0,3.0,10000,0.00046482315208650426,0.05143647874410493,0.0007923874833050126,-0.0005434353542177713,0.0014730816583907798,0.9036838512974161,0.36618483489242853,0.009036838512974162,0.5048,adjacent,1.0,False
0.2,exposure_minus_production,3.0,5.0,10000,-0.003958123750721564,0.05288718511418569,-0.00313293948797011,-0.004994819021623598,-0.00292142847981953,-7.484088521965775,7.811764825706273e-14,-0.07484088521965776,0.4779,adjacent,1.406117668627129e-12,True
0.2,exposure_minus_production,5.0,7.5,10000,-0.006697955312271102,0.05043120784295467,-0.006661084506963871,-0.007686508485668213,-0.005709402138873992,-13.281370006304178,6.461814333832093e-40,-0.1328137000630418,0.4458,adjacent,1.6154535834580232e-38,True
0.2,exposure_minus_production,7.5,10.0,10000,-0.006063424203153119,0.04574900619928542,-0.005979374693945938,-0.006960196800765725,-0.005166651605540513,-13.253674138276311,9.29091491605476e-40,-0.1325367413827631,0.4437,adjacent,2.2298195798531426e-38,True
0.2,exposure_minus_production,10.0,15.0,10000,-0.007635182834603541,0.04024561888574453,-0.007616840557096605,-0.00842407796455414,-0.006846287704652941,-18.971463344319478,7.066176853088098e-79,-0.18971463344319478,0.4239,adjacent,2.2611765929881915e-77,True
0.25,exposure_minus_production,1.0,2.0,10000,0.003762820460929072,0.0483051781512443,0.003853799339769759,0.0028159417484138333,0.0047096991734443105,7.789683435485156,7.384924115699661e-15,0.07789683435485156,0.5319,adjacent,1.4031355819829357e-13,True
0.25,exposure_minus_production,2.0,3.0,10000,-0.0003726605305769231,0.05274050919594786,-0.000467401559482189,-0.001406480658276231,0.0006611595971223849,-0.7065925912705356,0.4798361588692465,-0.0070659259127053555,0.496,adjacent,1.0,False
0.25,exposure_minus_production,3.0,5.0,10000,-0.0038025706997144126,0.052028035601646226,-0.0036042160449783756,-0.004822424911015252,-0.0027827164884135737,-7.3086955056863525,2.9038857939759286e-13,-0.07308695505686351,0.4711,adjacent,4.936605849759079e-12,True
0.25,exposure_minus_production,5.0,7.5,10000,-0.005849903111128413,0.04854170491392986,-0.0061019790293749265,-0.006801418224234616,-0.00489838799802221,-12.051293050998058,3.242192669591583e-33,-0.1205129305099806,0.4491,adjacent,7.132823873101483e-32,True
0.25,exposure_minus_production,7.5,10.0,10000,-0.004181180931358955,0.04334850486162172,-0.004543588056096004,-0.005030898871417429,-0.0033314629913004804,-9.64550206450311,6.397756083681015e-22,-0.09645502064503111,0.4625,adjacent,1.279551216736203e-20,True
0.25,exposure_minus_production,10.0,15.0,10000,-0.005761940956630952,0.03674400826611048,-0.006118861079804083,-0.006482197470968385,-0.005041684442293518,-15.6813075887131,9.096022596856277e-55,-0.156813075887131,0.4357,adjacent,2.6378465530883202e-53,True
0.01,exposure_minus_production,1.0,2.0,10000,0.00039356558477888365,0.01253738706916784,-0.0007623339299312492,0.00014780756502395505,0.0006393236045338122,3.1391356317517465,0.0016994003680813133,0.031391356317517466,0.4658,vs_1x,0.013595202944650506,True
0.01,exposure_minus_production,1.0,3.0,10000,0.00039040722532496756,0.014725061239653685,-0.0011794955358279992,0.00010176638883625734,0.0006790480618136778,2.651311386560654,0.008030629522721669,0.026513113865606543,0.4558,vs_1x,0.05621440665905168,False
0.01,exposure_minus_production,1.0,5.0,10000,-3.97426252821158e-05,0.017654505147133952,-0.0021568515952378495,-0.000385806458262333,0.0003063212076981014,-0.22511322153126254,0.8218957959202605,-0.0022511322153126252,0.4472,vs_1x,1.0,False
0.01,exposure_minus_production,1.0,7.5,10000,-0.0016932674808218457,0.02161623134886176,-0.003996386605359653,-0.0021169891208695497,-0.0012695458407741417,-7.833314945118811,5.23464171143798e-15,-0.0783331494511881,0.4232,vs_1x,9.945819251732161e-14,True
0.01,exposure_minus_production,1.0,10.0,10000,-0.004742760980449665,0.02413535291625368,-0.007071818414411802,-0.005215862473293544,-0.004269659487605787,-19.650680049744402,2.203055782602233e-84,-0.196506800497444,0.3827,vs_1x,5.507639456505583e-83,True
0.01,exposure_minus_production,1.0,15.0,10000,-0.01372062395656771,0.028748843075263698,-0.016342613029521547,-0.01428415914180555,-0.01315708877132987,-47.72582994260842,0.0,-0.4772582994260842,0.2891,vs_1x,0.0,True
0.05,exposure_minus_production,1.0,2.0,10000,0.0011932570326108603,0.026934180341486647,0.0002560444682730492,0.0006652928892109839,0.0017212211760107366,4.430270449971294,9.511619590015864e-06,0.04430270449971294,0.5047,vs_1x,8.560457631014277e-05,True
0.05,exposure_minus_production,1.0,3.0,10000,0.0017219909299872884,0.030454681354761218,0.0006647208354900319,0.0011250178812394012,0.0023189639787351756,5.654273344475746,1.6080272119245278e-08,0.05654273344475746,0.5088,vs_1x,1.9296326543094335e-07,True
0.05,exposure_minus_production,1.0,5.0,10000,0.0005744879686194927,0.03572799169401269,5.9433925701599805e-05,-0.00012585257603307755,0.0012748285132720629,1.6079492335858487,0.10787787001786023,0.016079492335858488,0.5007,vs_1x,0.6472672201071614,False
0.05,exposure_minus_production,1.0,7.5,10000,-0.005226579859190149,0.03969836692917301,-0.006098275429317693,-0.006004747749372841,-0.004448411969007457,-13.165730138257425,2.929140908614602e-39,-0.13165730138257425,0.4379,vs_1x,5.858281817229203e-38,True
0.05,exposure_minus_production,1.0,10.0,10000,-0.013112428210837215,0.0413477257391241,-0.01355394127437469,-0.013922926853254218,-0.012301929568420212,-31.712574214039435,2.1686276916355467e-210,-0.31712574214039435,0.3752,vs_1x,6.07215753657953e-209,True
0.05,exposure_minus_production,1.0,15.0,10000,-0.031004092309782332,0.0420809296923461,-0.03178602686736709,-0.03182896322535531,-0.03017922139420935,-73.6772988060231,0.0,-0.736772988060231,0.2326,vs_1x,0.0,True
0.1,exposure_minus_production,1.0,2.0,10000,0.0016794395674078189,0.035636665267542986,0.0011972423630050022,0.000980889204520928,0.00237798993029471,4.712673183080943,2.477876632475778e-06,0.04712673183080943,0.5154,vs_1x,2.7256642957233557e-05,True
0.1,exposure_minus_production,1.0,3.0,10000,0.0017999365544540155,0.039199905602675875,0.0015496263052077464,0.001031539509491984,0.002568333599416047,4.591685941027235,4.450470637740888e-06,0.04591685941027235,0.5168,vs_1x,4.450470637740888e-05,True
0.1,exposure_minus_production,1.0,5.0,10000,0.0001612353261775161,0.04385594901093748,0.00023454934395934074,-0.0006984295405080183,0.0010209001928630505,0.3676475593705764,0.7131438288210622,0.0036764755937057645,0.5018,vs_1x,1.0,False
0.1,exposure_minus_production,1.0,7.5,10000,-0.007021852110074435,0.04497748777574295,-0.007245564308754858,-0.00790350139379969,-0.00614020282634918,-15.61192600414963,2.6358020119276285e-54,-0.1561192600414963,0.4354,vs_1x,6.062344627433545e-53,True
0.1,exposure_minus_production,1.0,10.0,10000,-0.015281897560397604,0.044636789804800125,-0.015187270259914058,-0.016156868478191304,-0.014406926642603903,-34.23610350839842,5.203113877962835e-243,-0.3423610350839842,0.3702,vs_1x,1.5609341633888504e-241,True
0.1,exposure_minus_production,1.0,15.0,10000,-0.03019012801387106,0.041703565150189484,-0.02989054778115753,-0.031007601824920232,-0.02937265420282189,-72.39219933630517,0.0,-0.7239219933630516,0.2351,vs_1x,0.0,True
0.15,exposure_minus_production,1.0,2.0,10000,0.002798788304458703,0.041762253242421214,0.0027438770027195386,0.001980164088684011,0.003617412520233395,6.701717668853541,2.1708757528428897e-11,0.06701717668853541,0.5272,vs_1x,2.8221384786957564e-10,True
0.15,exposure_minus_production,1.0,3.0,10000,0.003141152399750119,0.04521902379431745,0.003215444835382053,0.0022547685239366665,0.004027536275563572,6.946528554083601,3.977005157962804e-12,0.069465285540836,0.5305,vs_1x,6.363208252740487e-11,True
0.15,exposure_minus_production,1.0,5.0,10000,-0.00029534815964699286,0.04755660905680649,0.0003130259244020356,-0.0012275534113139826,0.0006368570920199968,-0.6210454561514231,0.5345838717498774,-0.006210454561514231,0.5037,vs_1x,1.0,False
0.15,exposure_minus_production,1.0,7.5,10000,-0.00744714899758509,0.04663287246240889,-0.007545883105871079,-0.008361247152856164,-0.006533050842314015,-15.969741095379216,1.0405178071353522e-56,-0.15969741095379217,0.4393,vs_1x,2.4972427371248454e-55,True
0.15,exposure_minus_production,1.0,10.0,10000,-0.0145758600646401,0.04454561325480842,-0.014693674305186824,-0.015449043738548737,-0.013702676390731463,-32.72120193129618,3.4590779335937145e-223,-0.3272120193129618,0.3743,vs_1x,1.0031326007421772e-221,True
0.15,exposure_minus_production,1.0,15.0,10000,-0.025541784812694538,0.04071273766434758,-0.025365246311983267,-0.02633983641084593,-0.024743733214543148,-62.73659370016193,0.0,-0.6273659370016192,0.2706,vs_1x,0.0,True
0.2,exposure_minus_production,1.0,2.0,10000,0.0031524837248349882,0.04564729186408581,0.00400512056200561,0.0022577049329062493,0.004047262516763727,6.9061790877352935,5.281690135581964e-12,0.06906179087735294,0.5367,vs_1x,7.922535203372947e-11,True
0.2,exposure_minus_production,1.0,3.0,10000,0.0036173068769214927,0.04821130599691792,0.004216174689813626,0.0026722682475615487,0.004562345506281437,7.503026110001546,6.767172356559113e-14,0.07503026110001546,0.5341,vs_1x,1.1504193006150492e-12,True
0.2,exposure_minus_production,1.0,5.0,10000,-0.00034081687380007144,0.04844844374345983,0.0006814078087451492,-0.0012905038802642533,0.0006088701326641105,-0.7034629958492302,0.4817836392113273,-0.007034629958492302,0.505,vs_1x,1.0,False
0.2,exposure_minus_production,1.0,7.5,10000,-0.007038772186071174,0.046623084935171255,-0.006000096467696683,-0.007952678486109659,-0.006124865886032688,-15.097182427671802,6.143863272563035e-51,-0.15097182427671801,0.4512,vs_1x,1.3516499199638678e-49,True
0.2,exposure_minus_production,1.0,10.0,10000,-0.01310219638922429,0.04439522201111954,-0.01168697885418414,-0.013972432092073762,-0.012231960686374818,-29.51262725061409,1.2699420844171852e-183,-0.2951262725061409,0.3945,vs_1x,3.4288436279264e-182,True
0.2,exposure_minus_production,1.0,15.0,10000,-0.02073737922382783,0.03982286963962439,-0.01914065849993349,-0.021517987617714035,-0.019956770829941628,-52.07404542035767,0.0,-0.5207404542035767,0.3087,vs_1x,0.0,True
0.25,exposure_minus_production,1.0,2.0,10000,0.003762820460929072,0.0483051781512443,0.003853799339769759,0.0028159417484138333,0.0047096991734443105,7.789683435485156,7.384924115699661e-15,0.07789683435485156,0.5319,vs_1x,1.3292863408259391e-13,True
0.25,exposure_minus_production,1.0,3.0,10000,0.0033901599303521493,0.04947897135696323,0.0037879815005388284,0.0024202725085861066,0.004360047352118192,6.851718694582457,7.72674493224847e-12,0.06851718694582458,0.5334,vs_1x,1.0817442905147858e-10,True
0.25,exposure_minus_production,1.0,5.0,10000,-0.0004124107693622636,0.04867943857547379,0.0008748682252991552,-0.0013666257394424834,0.000541804200717956,-0.847197053685925,0.3969055723490642,-0.00847197053685925,0.5072,vs_1x,1.0,False
0.25,exposure_minus_production,1.0,7.5,10000,-0.006262313880490676,0.046621411350530766,-0.004902610495372023,-0.007176187374901891,-0.005348440386079461,-13.432270064512714,8.822509846313408e-41,-0.13432270064512714,0.4553,vs_1x,1.852727067725816e-39,True
0.25,exposure_minus_production,1.0,10.0,10000,-0.01044349481184963,0.043459884204386144,-0.009133875266022232,-0.011295396011192387,-0.009591593612506874,-24.030194748645076,4.246118069746085e-124,-0.24030194748645076,0.4149,vs_1x,1.1039906981339821e-122,True
0.25,exposure_minus_production,1.0,15.0,10000,-0.016205435768480582,0.039704971150158606,-0.015008758344562986,-0.016983733114686487,-0.015427138422274677,-40.81462673072827,0.0,-0.4081462673072827,0.3506,vs_1x,0.0,True
0.01,exposure_minus_production,3.0,1.0,10000,-0.00039040722532496756,0.014725061239653685,0.0011794955358279992,-0.0006790480618136778,-0.00010176638883625734,-2.651311386560654,0.008030629522721669,-0.026513113865606543,0.5442,vs_3x,0.06424503618177335,False
0.01,exposure_minus_production,3.0,2.0,10000,3.158359453916082e-06,0.016124000287307844,0.0007003107498765506,-0.0003129044979242035,0.0003192212168320357,0.019587939702545243,0.9843724755441072,0.00019587939702545243,0.5224,vs_3x,1.0,False
0.01,exposure_minus_production,3.0,5.0,10000,-0.00043014985060708336,0.019828877471876897,-0.0014737533503331457,-0.0008188357573727449,-4.146394384142184e-05,-2.1693101448488985,0.03008262764191667,-0.02169310144848899,0.466,vs_3x,0.2105783934934167,False
0.01,exposure_minus_production,3.0,7.5,10000,-0.002083674706146813,0.02305435310291088,-0.0035633776289599496,-0.002535586426989802,-0.0016317629853038246,-9.0380966095454,1.8896139294905427e-19,-0.090380966095454,0.4327,vs_3x,3.590266466032031e-18,True
0.01,exposure_minus_production,3.0,10.0,10000,-0.005133168205774634,0.02550045246867931,-0.006546422649562443,-0.00563302839729485,-0.004633308014254418,-20.129714216166946,2.2518251996737455e-88,-0.20129714216166944,0.395,vs_3x,5.179197959249615e-87,True
0.01,exposure_minus_production,3.0,15.0,10000,-0.014111031181892676,0.02934012140631327,-0.016099725962695148,-0.014686156612447269,-0.013535905751338083,-48.09465845923981,0.0,-0.4809465845923981,0.2913,vs_3x,0.0,True
0.05,exposure_minus_production,3.0,1.0,10000,-0.0017219909299872884,0.030454681354761218,-0.0006647208354900319,-0.0023189639787351756,-0.0011250178812394012,-5.654273344475746,1.6080272119245278e-08,-0.05654273344475746,0.4912,vs_3x,1.9296326543094335e-07,True
0.05,exposure_minus_production,3.0,2.0,10000,-0.0005287338973764281,0.033446845445294915,-0.0002883853599408605,-0.0011843593844365814,0.0001268915896837251,-1.580818430967477,0.11395118864911748,-0.01580818430967477,0.4963,vs_3x,0.6837071318947049,False
0.05,exposure_minus_production,3.0,5.0,10000,-0.0011475029613677958,0.03975893013692981,-0.0008694228706665613,-0.0019268580123142265,-0.0003681479104213651,-2.8861515071351116,0.003908190973891069,-0.028861515071351113,0.4898,vs_3x,0.035173718765019624,True
0.05,exposure_minus_production,3.0,7.5,10000,-0.006948570789177437,0.043119536917445134,-0.0066096638901752755,-0.007793800496700874,-0.006103341081654,-16.11466932606647,1.0692267112702268e-57,-0.16114669326066466,0.4401,vs_3x,2.1384534225404535e-56,True
0.05,exposure_minus_production,3.0,10.0,10000,-0.014834419140824503,0.044451842563010754,-0.014608784790530072,-0.015705764720447615,-0.01396307356120139,-33.37188806020048,1.2949453702791093e-231,-0.33371888060200483,0.369,vs_3x,3.496352499753595e-230,True
0.05,exposure_minus_production,3.0,15.0,10000,-0.032726083239769624,0.04540861893641381,-0.03309929375029931,-0.03361618356195421,-0.031835982917585035,-72.07020166280837,0.0,-0.7207020166280838,0.237,vs_3x,0.0,True
0.1,exposure_minus_production,3.0,1.0,10000,-0.0017999365544540155,0.039199905602675875,-0.0015496263052077464,-0.002568333599416047,-0.001031539509491984,-4.591685941027235,4.450470637740888e-06,-0.04591685941027235,0.4832,vs_3x,4.8955177015149766e-05,True
0.1,exposure_minus_production,3.0,2.0,10000,-0.00012049698704619667,0.042910481194884234,0.00022726045693741148,-0.0009616287816543222,0.000720634807561929,-0.28081015101867995,0.7788618273148132,-0.0028081015101867994,0.5015,vs_3x,1.0,False
0.1,exposure_minus_production,3.0,5.0,10000,-0.0016387012282764993,0.048955645142673754,-0.0009226882250873425,-0.002598330402977178,-0.0006790720535758208,-3.3473182173388887,0.0008189850309175898,-0.033473182173388884,0.4929,vs_3x,0.008189850309175899,True
0.1,exposure_minus_production,3.0,7.5,10000,-0.008821788664528452,0.0494543949588427,-0.007993980532785966,-0.009791194339427984,-0.00785238298962892,-17.838229892146465,4.324228543576935e-70,-0.17838229892146462,0.4326,vs_3x,9.080879941511564e-69,True
0.1,exposure_minus_production,3.0,10.0,10000,-0.01708183411485162,0.04941492263760537,-0.01625702768709382,-0.018050466052811475,-0.016113202176891762,-34.56816929599346,1.8894267500087307e-247,-0.34568169295993456,0.3723,vs_3x,5.290394900024446e-246,True
0.1,exposure_minus_production,3.0,15.0,10000,-0.03199006456832507,0.046724790794963986,-0.031577880313765044,-0.032905964507912396,-0.031074164628737754,-68.46486420603294,0.0,-0.6846486420603294,0.2497,vs_3x,0.0,True
0.15,exposure_minus_production,3.0,1.0,10000,-0.003141152399750119,0.04521902379431745,-0.003215444835382053,-0.004027536275563572,-0.0022547685239366665,-6.946528554083601,3.977005157962804e-12,-0.069465285540836,0.4695,vs_3x,5.965507736944206e-11,True
0.15,exposure_minus_production,3.0,2.0,10000,-0.00034236409529141685,0.048799464805578695,-0.000282615246175566,-0.0012989318210508299,0.0006142036304679961,-0.7015734632652738,0.482961533729183,-0.0070157346326527375,0.4979,vs_3x,1.0,False
0.15,exposure_minus_production,3.0,5.0,10000,-0.0034365005593971127,0.05269820114171483,-0.003185006445749816,-0.004469491364082731,-0.0024035097547114945,-6.52109651742334,7.316757776569299e-11,-0.0652109651742334,0.4787,vs_3x,9.51178510954009e-10,True
0.15,exposure_minus_production,3.0,7.5,10000,-0.01058830139733521,0.05155675613854299,-0.010103847989674147,-0.011598917582645111,-0.009577685212025308,-20.53717531972414,7.743493616019556e-92,-0.20537175319724135,0.4266,vs_3x,1.8584384678446935e-90,True
0.15,exposure_minus_production,3.0,10.0,10000,-0.017717012464390218,0.0496057124927939,-0.017026687231296606,-0.018689384267502343,-0.016744640661278093,-35.715669776870804,4.745220784607904e-263,-0.3571566977687081,0.363,vs_3x,1.4235662353823713e-261,True
0.15,exposure_minus_production,3.0,15.0,10000,-0.028682937212444658,0.04670990197511239,-0.0276239335820459,-0.02959854530119711,-0.027767329123692206,-61.406545506619295,0.0,-0.614065455066193,0.2733,vs_3x,0.0,True
0.2,exposure_minus_production,3.0,1.0,10000,-0.0036173068769214927,0.04821130599691792,-0.004216174689813626,-0.004562345506281437,-0.0026722682475615487,-7.503026110001546,6.767172356559113e-14,-0.07503026110001546,0.4659,vs_3x,1.2180910241806403e-12,True
0.2,exposure_minus_production,3.0,2.0,10000,-0.00046482315208650426,0.05143647874410493,-0.0007923874833050126,-0.0014730816583907798,0.0005434353542177713,-0.9036838512974161,0.36618483489242853,-0.009036838512974162,0.4952,vs_3x,1.0,False
0.2,exposure_minus_production,3.0,5.0,10000,-0.003958123750721564,0.05288718511418569,-0.00313293948797011,-0.004994819021623598,-0.00292142847981953,-7.484088521965775,7.811764825706273e-14,-0.07484088521965776,0.4779,vs_3x,1.3280000203700664e-12,True
0.2,exposure_minus_production,3.0,7.5,10000,-0.010656079062992665,0.051199992219503464,-0.00999879109829957,-0.01165970195745341,-0.009652456168531921,-20.812657582657753,3.245416803795907e-94,-0.2081265758265775,0.4223,vs_3x,8.113542009489768e-93,True
0.2,exposure_minus_production,3.0,10.0,10000,-0.016719503266145786,0.048267296349136964,-0.016525907567391945,-0.017665639419097434,-0.015773367113194138,-34.63940293072731,2.086920108630154e-248,-0.34639402930727314,0.3686,vs_3x,6.052068315027446e-247,True
0.2,exposure_minus_production,3.0,15.0,10000,-0.024354686100749326,0.04516821453864586,-0.024406026042119333,-0.025240074012891068,-0.023469298188607584,-53.919966395641985,0.0,-0.5391996639564198,0.2962,vs_3x,0.0,True
0.25,exposure_minus_production,3.0,1.0,10000,-0.0033901599303521493,0.04947897135696323,-0.0037879815005388284,-0.004360047352118192,-0.0024202725085861066,-6.851718694582457,7.72674493224847e-12,-0.06851718694582458,0.4666,vs_3x,1.0817442905147858e-10,True
0.25,exposure_minus_production,3.0,2.0,10000,0.0003726605305769231,0.05274050919594786,0.000467401559482189,-0.0006611595971223849,0.001406480658276231,0.7065925912705356,0.4798361588692465,0.0070659259127053555,0.504,vs_3x,1.0,False
0.25,exposure_minus_production,3.0,5.0,10000,-0.0038025706997144126,0.052028035601646226,-0.0036042160449783756,-0.004822424911015252,-0.0027827164884135737,-7.3086955056863525,2.9038857939759286e-13,-0.07308695505686351,0.4711,vs_3x,4.646217270361486e-12,True
0.25,exposure_minus_production,3.0,7.5,10000,-0.009652473810842827,0.04944594229875674,-0.009034335664754894,-0.010621713796592543,-0.00868323382509311,-19.52126577449314,2.5463030634130904e-83,-0.1952126577449314,0.4272,vs_3x,5.601866739508799e-82,True
0.25,exposure_minus_production,3.0,10.0,10000,-0.013833654742201782,0.047044690857693784,-0.013796629543480099,-0.014755825366861056,-0.012911484117542508,-29.40534731973778,2.3342671399785682e-182,-0.29405347319737773,0.3846,vs_3x,6.069094563944278e-181,True
0.25,exposure_minus_production,3.0,15.0,10000,-0.01959559569883273,0.04416885599715284,-0.019984024125676486,-0.02046139417221602,-0.018729797225449443,-44.36518731681862,0.0,-0.4436518731681862,0.3356,vs_3x,0.0,True
