replicate,network_seed,opinion_seed,producer_assignment_seed,simulation_seed
0,65583179,623656047,245378476,1832619589
1,1194509389,1579171980,1902511893,1430609973
2,1482489492,1896230959,1048920119,250429967
3,1132718658,885118435,1141311234,155065781
4,371536372,1587245653,2019921348,1393904558
5,324311484,1095705029,1991909492,944388054
6,2121008945,1973173988,1944269170,1858624059
7,1916677604,1189820944,166401295,716351159
8,1685978544,1771017367,506871175,1174460861
9,740747344,1958366663,1806432353,1029771407
10,506514354,96537337,2093210988,956364330
11,1252895936,1781374035,453508379,547598160
12,1902963570,593402330,104636275,58341444
13,1333099144,1752229242,814891589,1623148903
14,1502157319,2084073645,939317761,2107716982
15,943190730,1603547288,258471579,1317470266
16,1619001051,88199783,468718653,1065860094
17,2095206080,1351970783,1716090267,1594584142
18,299726,648046976,1271296286,93653058
19,412174899,1250674395,904324063,475938414
20,570655263,259640012,114634243,1298803230
21,1489728226,312760727,172210595,382781186
22,932438464,1115376772,811878723,444850776
23,340984472,244382419,1241527055,47020221
24,1504888931,2098693957,1631480379,465320965
25,1941860795,1863823949,1857177730,1660649778
26,1547060142,2118319168,710754626,1934725687
27,240571604,1657949388,1387948581,1017997520
28,1193795466,1456735872,532578292,1971406028
29,658632477,401663494,674270626,2102547212
