synthetic_fraction,activity_multiplier,n_worlds,expected_activation_share_n,expected_activation_share_mean,expected_activation_share_std,expected_activation_share_median,expected_activation_share_min,expected_activation_share_max,expected_activation_share_ci95_low,expected_activation_share_ci95_high,expected_activation_share_ci95_half_width,synthetic_activation_share_n,synthetic_activation_share_mean,synthetic_activation_share_std,synthetic_activation_share_median,synthetic_activation_share_min,synthetic_activation_share_max,synthetic_activation_share_ci95_low,synthetic_activation_share_ci95_high,synthetic_activation_share_ci95_half_width,synthetic_production_share_n,synthetic_production_share_mean,synthetic_production_share_std,synthetic_production_share_median,synthetic_production_share_min,synthetic_production_share_max,synthetic_production_share_ci95_low,synthetic_production_share_ci95_high,synthetic_production_share_ci95_half_width,synthetic_exposure_share_n,synthetic_exposure_share_mean,synthetic_exposure_share_std,synthetic_exposure_share_median,synthetic_exposure_share_min,synthetic_exposure_share_max,synthetic_exposure_share_ci95_low,synthetic_exposure_share_ci95_high,synthetic_exposure_share_ci95_half_width,exposure_minus_production_n,exposure_minus_production_mean,exposure_minus_production_std,exposure_minus_production_median,exposure_minus_production_min,exposure_minus_production_max,exposure_minus_production_ci95_low,exposure_minus_production_ci95_high,exposure_minus_production_ci95_half_width,amplification_ratio_n,amplification_ratio_mean,amplification_ratio_std,amplification_ratio_median,amplification_ratio_min,amplification_ratio_max,amplification_ratio_ci95_low,amplification_ratio_ci95_high,amplification_ratio_ci95_half_width,fraction_exposure_gt_production,fraction_amplification_gt_1
0.0,1.0,30,30,0.0,0.0,0.0,0.0,0.0,0.0,0.0,0.0,30,0.0,0.0,0.0,0.0,0.0,0.0,0.0,0.0,30,0.0,0.0,0.0,0.0,0.0,0.0,0.0,0.0,30,0.0,0.0,0.0,0.0,0.0,0.0,0.0,0.0,30,0.0,0.0,0.0,0.0,0.0,0.0,0.0,0.0,0,nan,nan,nan,nan,nan,nan,nan,nan,0.0,nan
0.01,1.0,30,30,0.010000000000000002,1.7643790169011568e-18,0.01,0.01,0.01,0.010000000000000002,0.010000000000000002,6.588299524781152e-19,30,0.010037232961003723,0.00028541194787124206,0.01005989940100599,0.00951990480095199,0.010629893701062989,0.009930658388164518,0.010143807533842928,0.00010657457283920469,30,0.010167030214222153,0.0014630480749644808,0.010215413213091254,0.007453666398066076,0.012830957230142567,0.00962071908465829,0.010713341343786015,0.0005463111295638618,30,0.010649981563628896,0.0075388928538578145,0.009677084227464158,0.0030383177774377583,0.034909517610604866,0.007834912707636603,0.01346505041962119,0.002815068855992293,30,0.0004829513494067403,0.007159298590771371,-0.0010335755399403755,-0.007897283680642436,0.023527728473224672,-0.002190374679270906,0.0031562773780843866,0.0026733260286776464,30,1.0320099598617813,0.6868996554113481,0.9050605716215636,0.277837281203475,3.0671379683141957,0.7755174131941598,1.288502506529403,0.25649254666762156,0.36666666666666664,0.36666666666666664
0.01,2.0,30,30,0.019801980198019806,3.5287580338023136e-18,0.019801980198019802,0.019801980198019802,0.019801980198019802,0.019801980198019806,0.019801980198019806,1.3176599049562305e-18,30,0.019904134291990415,0.0004958445969730053,0.019939800601993983,0.018879811201887982,0.020779792202077978,0.01971898287660235,0.02008928570737848,0.00018515141538806695,30,0.02034812813894778,0.001909704363361437,0.020548936982418407,0.01697284345047923,0.025881393927043,0.0196350328102749,0.02106122346762066,0.0007130953286728809,30,0.02433846573818232,0.011975432238057757,0.019978325107667158,0.01108401684770561,0.059149038550515426,0.019866765850160766,0.028810165626203876,0.004471699888021554,30,0.003990337599234534,0.011790313524317959,-0.0001389976230963333,-0.008318754821136523,0.038022277987135145,-0.00041223782504781325,0.008392913023516881,0.004402575424282347,30,1.1959966342126471,0.5904422985055129,0.9924547098181691,0.5946048393105549,2.901482881442175,0.9755218565491308,1.4164714118761634,0.22047477766351636,0.4666666666666667,0.4666666666666667
0.01,5.0,30,30,0.048076923076923093,1.4115032135209254e-17,0.04807692307692308,0.04807692307692308,0.04807692307692308,0.04807692307692309,0.0480769230769231,5.270639619824922e-18,30,0.04809718569480971,0.0005626952694839243,0.04816451835481645,0.04665953340466596,0.04903950960490395,0.04788707182805966,0.04830729956155976,0.0002101138667500501,30,0.047656195975551235,0.0022414561793603275,0.04776015249409001,0.04364923318914668,0.05211406096361849,0.046819222482903725,0.048493169468198746,0.0008369734926475105,30,0.050648811244704224,0.020324424752590848,0.0474800874660326,0.022035723902701733,0.1179163901791639,0.04305954631600858,0.05823807617339987,0.007589264928695649,30,0.0029926152691529917,0.02012640815293595,-0.0012066680988179028,-0.02555475800091754,0.07190352217370474,-0.004522709046051546,0.01050793958435753,0.007515324315204538,30,1.0619684795026674,0.42918431686559283,0.975171167348762,0.46302796318240075,2.5626829035124223,0.9017084217847221,1.2222285372206125,0.16026005771794524,0.4666666666666667,0.4666666666666667
0.01,10.0,30,30,0.09174311926605502,2.823006427041851e-17,0.09174311926605505,0.09174311926605505,0.09174311926605505,0.09174311926605501,0.09174311926605504,1.0541279239649844e-17,30,0.09182174844918219,0.0006915427353861142,0.09194908050919491,0.0903790962090379,0.09283907160928391,0.09156352214795853,0.09207997475040584,0.00025822630122365785,30,0.09006972438642867,0.0035741369254133487,0.09016793198784337,0.08409506398537477,0.09837382051796828,0.0887351197248656,0.09140432904799174,0.0013346046615630716,30,0.08200847432588164,0.018061166673901313,0.08080646017702814,0.047514443248467805,0.12817064858990182,0.075264323852836,0.08875262479892727,0.00674415047304563,30,-0.008061250060547046,0.017020626027948023,-0.010057478871775397,-0.04236219665754355,0.03352918747473052,-0.014416856270847479,-0.0017056438502466116,0.006355606210300434,30,0.9091098912094392,0.1875168241624317,0.8893137927094663,0.5286628794551744,1.360008903975472,0.8390899583217977,0.9791298240970807,0.07001993288764155,0.23333333333333334,0.23333333333333334
0.05,1.0,30,30,0.05000000000000002,1.4115032135209254e-17,0.05,0.05,0.05,0.05000000000000001,0.050000000000000024,5.270639619824922e-18,30,0.050029833035002975,0.0005914066750575528,0.05018949810501895,0.04858951410485895,0.05090949090509095,0.04980899815321678,0.05025066791678917,0.00022083488178619373,30,0.0500372764138227,0.002664837546415438,0.05019770429230273,0.0443190975020145,0.054723387257839026,0.04904220972052777,0.05103234310711762,0.0009950666932949223,30,0.048640341662158935,0.016146394435298646,0.04354122801548522,0.031464356133188924,0.11111787906013491,0.042611178893501585,0.054669504430816286,0.006029162768657349,30,-0.001396934751663755,0.016716554555360492,-0.007975604088115595,-0.02035327792987595,0.05771494792180928,-0.007638998808086932,0.004845129304759423,0.006242064056423177,30,0.977419564143762,0.3313499605308203,0.8513492509326155,0.6072132914230529,2.0807449458591427,0.8536914554669995,1.1011476728205245,0.12372810867676247,0.3333333333333333,0.3333333333333333
0.05,2.0,30,30,0.09523809523809526,2.823006427041851e-17,0.09523809523809523,0.09523809523809523,0.09523809523809523,0.09523809523809525,0.09523809523809527,1.0541279239649844e-17,30,0.09528371382952838,0.0010553002635534288,0.09534904650953491,0.09314906850931491,0.0974790252097479,0.0948896582349951,0.09567776942406167,0.0003940555945332905,30,0.09499981011127782,0.00444713841018835,0.09560523740354998,0.0864669213754273,0.1045102324657262,0.09333922133790083,0.09666039888465482,0.00166058877337699,30,0.10732178615776652,0.02527903074471036,0.10536449999546563,0.06376717920805552,0.17662763564506295,0.09788244094639499,0.11676113136913806,0.009439345211371528,30,0.012321976046488693,0.025246369326798284,0.011860370864146215,-0.024380527760378065,0.08100690442770658,0.002894826809000755,0.02174912528397663,0.009427149237487938,30,1.130954663095839,0.2724572257541507,1.125006905626781,0.7234127965562516,1.8471688450443768,1.029217462995152,1.2326918631965258,0.10173720010068689,0.5666666666666667,0.5666666666666667
0.05,5.0,30,30,0.2083333333333333,5.646012854083702e-17,0.20833333333333334,0.20833333333333334,0.20833333333333334,0.20833333333333326,0.20833333333333331,2.1082558479299687e-17,30,0.20787492125078752,0.0010568199241954388,0.2081379186208138,0.2053979460205398,0.2092979070209298,0.2074802982056447,0.20826954429593034,0.0003946230451428068,30,0.2093010269133269,0.005960156691430245,0.2067934024008189,0.19485066941297632,0.22517088862082832,0.20707546782870698,0.2115265859979468,0.0022255590846199064,30,0.20798136115675372,0.031116714380194217,0.19947313582252302,0.16242329637205297,0.2815243045426821,0.19636218905144018,0.21960053326206727,0.011619172105313536,30,-0.0013196657565731434,0.028021239472790768,-0.008951762800317703,-0.04187777889676425,0.06781383508677954,-0.01178296853528152,0.009143637022135232,0.010463302778708376,30,0.9920726036552517,0.1334727424323284,0.9565528752011063,0.7950192927684697,1.3173163919363922,0.9422330625410871,1.0419121447694164,0.049839541114164665,0.43333333333333335,0.43333333333333335
0.05,10.0,30,30,0.34482758620689663,5.646012854083702e-17,0.3448275862068966,0.3448275862068966,0.3448275862068966,0.34482758620689663,0.34482758620689663,2.1082558479299687e-17,30,0.34501521651450157,0.001662712192149812,0.34506654933450664,0.34099659003409966,0.34808651913480865,0.3443943495782903,0.34563608345071284,0.0006208669362112528,30,0.34456836418648235,0.00659848205964566,0.3447394614902188,0.3297725024727992,0.35724388765407156,0.3421044504921224,0.3470322778808423,0.002463913694359916,30,0.3317630954042343,0.04361262913916843,0.3305212738036256,0.2526900027240534,0.4299595856981957,0.3154778720435137,0.34804831876495496,0.016285223360720618,30,-0.012805268782248087,0.04182894637269828,-0.015480169758955331,-0.07708249974874581,0.08612342973127957,-0.02842445405193909,0.0028139164874429155,0.015619185269691003,30,0.9623705550121913,0.12205779382939701,0.9547649130110509,0.7662555271566226,1.2504781077751648,0.9167934257571395,1.007947684267243,0.04557712925505178,0.3333333333333333,0.3333333333333333
0.1,1.0,30,30,0.10000000000000003,2.823006427041851e-17,0.1,0.1,0.1,0.10000000000000002,0.10000000000000005,1.0541279239649844e-17,30,0.10005133282000513,0.0009886767493148473,0.1000489995100049,0.0981390186098139,0.10192898071019289,0.09968215485454092,0.10042051078546933,0.0003691779654642135,30,0.10082557432789377,0.0033747277116291333,0.10071439305044921,0.09399841017488077,0.10814663951120163,0.09956543029048383,0.10208571836530371,0.0012601440374099377,30,0.10193514198103465,0.02188095833523558,0.09868171077662868,0.06987142103363048,0.16931602362307152,0.09376465786050939,0.11010562610155991,0.008170484120525264,30,0.001109567653140874,0.02233270950505732,-0.001396860637251994,-0.03255878583521869,0.07282126133459449,-0.007229603126483478,0.009448738432765225,0.008339170779624351,30,1.012481948105386,0.222699534394974,0.9866917464985897,0.6821368731891101,1.7546654306157141,0.9293245753091312,1.0956393209016408,0.08315737279625483,0.5,0.5
0.1,2.0,30,30,0.18181818181818177,5.646012854083702e-17,0.18181818181818182,0.18181818181818182,0.18181818181818182,0.18181818181818174,0.1818181818181818,2.1082558479299687e-17,30,0.18164851684816483,0.0012201389575144004,0.1818831811681883,0.1795782042179578,0.18393816061839383,0.18119290947373132,0.18210412422259833,0.0004556073744335076,30,0.1806624032177494,0.005240099279923334,0.18152094056083912,0.16603396603396603,0.1892374900714853,0.17870571798940432,0.18261908844609448,0.0019566852283450734,30,0.18612809665835403,0.028726881980196788,0.18711948476136225,0.1242463557963825,0.2623779437105112,0.17540130263702286,0.1968548906796852,0.010726794021331157,30,0.005465693440604671,0.028196572944807728,0.008203946698837894,-0.05695895574600769,0.07314045363902591,-0.005063079932533943,0.015994466813743283,0.010528773373138614,30,1.0302712734618593,0.1548724369500868,1.0465344376826013,0.6856661912325731,1.3865008651900677,0.972440955090015,1.0881015918337036,0.05783031837184431,0.5666666666666667,0.5666666666666667
0.1,5.0,30,30,0.35714285714285726,1.1292025708167404e-16,0.35714285714285715,0.35714285714285715,0.35714285714285715,0.3571428571428572,0.3571428571428573,4.2165116958599375e-17,30,0.3574424255757442,0.0015984544049867993,0.35732642673573267,0.3549864501354986,0.36058639413605864,0.3568455528915941,0.3580392982598943,0.0005968726841500881,30,0.35741559543158047,0.007141256621563912,0.35744198925335935,0.3460764587525151,0.3749245320990139,0.35474900638492407,0.36008218447823687,0.0026665890466563806,30,0.3687679662034562,0.04371701566565305,0.35553652398080837,0.2833650529320804,0.4515431144862908,0.3524437642731514,0.385092168133761,0.01632420193030484,30,0.01135237077187584,0.04267439875685221,0.0031856739328644246,-0.07796935221261414,0.08781381577437097,-0.004582511606395003,0.027287253150146684,0.015934882378270843,30,1.0316395332522499,0.11905888277074805,1.0091729596476808,0.7842182999944561,1.2414262917102015,0.9871822157900894,1.0760968507144104,0.044457317462160535,0.5333333333333333,0.5333333333333333
0.1,10.0,30,30,0.5263157894736844,2.2584051416334807e-16,0.5263157894736842,0.5263157894736842,0.5263157894736842,0.5263157894736843,0.5263157894736845,8.433023391719875e-17,30,0.5262187378126219,0.0013880375943726385,0.5262147378526214,0.5236947630523695,0.5301346986530134,0.5257004360568321,0.5267370395684116,0.0005183017557896935,30,0.5263363869956087,0.007420268272638433,0.5266158386255604,0.5084579071597167,0.5407640803465932,0.5235656132862141,0.5291071607050033,0.0027707737093946166,30,0.5108088716609138,0.040659042243235764,0.5110220266786978,0.4358974358974359,0.5856138269931374,0.49562653577258275,0.5259912075492449,0.015182335888331054,30,-0.015527515334694857,0.04095734198609673,-0.013594966384485041,-0.09482545566882916,0.0669765524440391,-0.03082123817760356,-0.0002337924917861535,0.015293722842908704,30,0.9706359719692109,0.07763151866035818,0.9740862718360213,0.8213277452778021,1.129139488676876,0.9416478864955822,0.9996240574428397,0.028988085473628692,0.4,0.4
0.15,1.0,30,30,0.15000000000000002,2.823006427041851e-17,0.15,0.15,0.15,0.15000000000000002,0.15000000000000002,1.0541279239649844e-17,30,0.1500058332750006,0.0011879940800272229,0.14993850061499386,0.14819851801481984,0.15273847261527385,0.14956222899508614,0.15044943755491508,0.00044360427991445826,30,0.14998168322390842,0.004950878627206479,0.1508931452583564,0.14368505195843326,0.1609105180533752,0.14813299476216502,0.15183037168565183,0.0018486884617434165,30,0.14758907127279663,0.028230701099533025,0.13856486659529405,0.10350190230220223,0.20935556885292816,0.13704755423724738,0.1581305883083459,0.01054151703554927,30,-0.0023926119511118306,0.028718372423536344,-0.011153365126033196,-0.04853665965803074,0.06451270019861713,-0.013116228451764888,0.008331004549541226,0.010723616500653057,30,0.9851554159045584,0.1927014884547516,0.9275359568103031,0.6807608607168625,1.4453978355854458,0.913199497553134,1.0571113342559828,0.07195591835142438,0.4,0.4
0.15,2.0,30,30,0.26086956521739135,5.646012854083702e-17,0.2608695652173913,0.2608695652173913,0.2608695652173913,0.26086956521739135,0.26086956521739135,2.1082558479299687e-17,30,0.26081239187608124,0.001493319105704508,0.26077239227607724,0.25766742332576675,0.26428735712642876,0.26025477735787306,0.2613700063942894,0.0005576145182081809,30,0.26216083340165747,0.006016269366328889,0.26236927296448487,0.25115438666934353,0.27713216466417173,0.2599143214998805,0.26440734530343446,0.0022465119017769726,30,0.2581261172710999,0.03173085667036677,0.2555709887104533,0.19646136734007605,0.3307623162351031,0.24627762066579326,0.26997461387640653,0.01184849660530664,30,-0.00403471613055762,0.03197747361036796,-0.004407611779404602,-0.0581757294341175,0.06694665523139287,-0.015975301014689205,0.007905868753573967,0.011940584884131586,30,0.9849416398143832,0.12190115412559706,0.9829096130638075,0.7715347442650651,1.2537630062471967,0.9394230007859903,1.0304602788427761,0.04551863902839291,0.4,0.4
0.15,5.0,30,30,0.46875,0.0,0.46875,0.46875,0.46875,0.46875,0.46875,0.0,30,0.46870731292687073,0.0015183877883949211,0.4688353116468835,0.46542534574654254,0.4716852831471685,0.4681403376087055,0.469274288245036,0.0005669753181652227,30,0.47033117668622115,0.006745989725119911,0.4700944780046579,0.4562073121735637,0.48380765456329733,0.46781218272435426,0.47285017064808804,0.0025189939618668624,30,0.4742840181996296,0.05113526233817444,0.4644165359030032,0.3822225024696807,0.5763708925054422,0.45518979743781995,0.4933782389614393,0.01909422076180968,30,0.003952841513408513,0.04933652805609327,-0.009100862303178442,-0.0824986648299395,0.09256323794214483,-0.014469720829074884,0.022375403855891908,0.018422562342483396,30,1.008114475286276,0.10488493846724407,0.9808237510585105,0.8224770666046506,1.1913223924199707,0.9689497956091114,1.0472791549634408,0.03916467967716464,0.43333333333333335,0.43333333333333335
0.15,10.0,30,30,0.6382978723404258,2.2584051416334807e-16,0.6382978723404256,0.6382978723404256,0.6382978723404256,0.6382978723404257,0.6382978723404259,8.433023391719875e-17,30,0.6384202824638422,0.0012441555627703627,0.6384236157638423,0.6362436375636243,0.6402835971640284,0.637955707141622,0.6388848577860624,0.00046457532222018077,30,0.6385869469518668,0.007469809910820755,0.6395143187195125,0.6184342926142081,0.6538915094339622,0.6357976740907498,0.6413762198129838,0.002789272861116945,30,0.6214827131066444,0.0384713256272708,0.6162888539634511,0.5405963154839958,0.6848117682591007,0.6071172840282023,0.6358481421850865,0.014365429078442073,30,-0.01710423384522246,0.037696889217087644,-0.020092285195314585,-0.09398406874249565,0.047297465391083815,-0.031180483615573233,-0.0030279840748716914,0.01407624977035077,30,0.9732100573129644,0.05904435865045518,0.9682908382579067,0.851895723412479,1.0747382260763396,0.9511625314519382,0.9952575831739906,0.022047525861026165,0.3333333333333333,0.3333333333333333
0.2,1.0,30,30,0.20000000000000007,5.646012854083702e-17,0.2,0.2,0.2,0.20000000000000004,0.2000000000000001,2.1082558479299687e-17,30,0.19992000079999203,0.0013498483079814646,0.1997480025199748,0.1974280257197428,0.2036879631203688,0.1994159591580992,0.20042404244188486,0.0005040416418928165,30,0.20034014162777367,0.0059907760014008705,0.2006488207771739,0.18958664546899842,0.21160409556313994,0.19810314910490742,0.2025771341506399,0.0022369925228662366,30,0.19773994870592745,0.02546248650264509,0.19077274018583343,0.1602140572214416,0.25602934672320943,0.18823209998871948,0.20724779742313543,0.009507848717207966,30,-0.002600192921846294,0.02629497823569015,-0.007528803936041065,-0.04144117087706464,0.062032569930300485,-0.012418899160973672,0.0072185133172810835,0.009818706239127378,30,0.9879951532769877,0.13217735548489173,0.9612945343406822,0.7944949344094312,1.319760827761175,0.9386393175984723,1.0373509889555033,0.04935583567851547,0.43333333333333335,0.43333333333333335
0.2,2.0,30,30,0.3333333333333334,1.1292025708167404e-16,0.3333333333333333,0.3333333333333333,0.3333333333333333,0.33333333333333337,0.3333333333333335,4.2165116958599375e-17,30,0.3334466655333447,0.0015476256654322978,0.3330766692333077,0.3293467065329347,0.3359866401335987,0.33286877261246794,0.3340245584542214,0.000577892920876758,30,0.334752536659849,0.0059910129824984806,0.3354272936000776,0.32320607635418747,0.34773089171974525,0.33251545564678664,0.33698961767291136,0.0022370810130623794,30,0.34198088291521517,0.040710757511654476,0.3510779100503305,0.26385107466188545,0.40863017665797857,0.32677923622829247,0.35718252960213787,0.015201646686922693,30,0.00722834625536621,0.04301608616598064,0.012800281328569973,-0.0838798170578598,0.07467925670937992,-0.008834124298326165,0.023290816809058586,0.016062470553692376,30,1.022587606624613,0.12840805799097732,1.0378500689779402,0.7587795072131153,1.2301173693985268,0.974639249761592,1.0705359634876337,0.0479483568630209,0.5333333333333333,0.5333333333333333
0.2,5.0,30,30,0.5555555555555556,0.0,0.5555555555555556,0.5555555555555556,0.5555555555555556,0.5555555555555556,0.5555555555555556,0.0,30,0.5556484435155649,0.0017595368153102717,0.5554844451555485,0.5515144848551514,0.5591044089559104,0.5549914216708762,0.5563054653602535,0.0006570218446886589,30,0.5536762889786115,0.005105215389855228,0.5534947792718895,0.5438211219804352,0.5626874625074985,0.5517699702225677,0.5555826077346554,0.0019063187560438375,30,0.5503403647049355,0.035067137001728206,0.5523817429230922,0.4873054336673434,0.623622086254304,0.5372460805499532,0.5634346488599179,0.013094284154982348,30,-0.0033359242736759926,0.03533378833507379,-0.0021896727599198806,-0.06587731787269763,0.06233176367365889,-0.01652977767290431,0.009857929125552327,0.013193853399228319,30,0.9940444305099035,0.06367407234925608,0.9960407129710096,0.880912198203401,1.1110508433266337,0.9702681411423121,1.017820719877495,0.023776289367591463,0.4666666666666667,0.4666666666666667
0.2,10.0,30,30,0.7142857142857145,2.2584051416334807e-16,0.7142857142857143,0.7142857142857143,0.7142857142857143,0.7142857142857144,0.7142857142857146,8.433023391719875e-17,30,0.7140261930714025,0.0015766335252022597,0.7141778582214178,0.7107628923710763,0.7170828291717083,0.7134374684376734,0.7146149177051315,0.0005887246337290802,30,0.7130601448142432,0.006718018549962605,0.7131640901746508,0.7013638186923385,0.7267117834394905,0.7105515954608324,0.715568694167654,0.002508549353410788,30,0.6991510737038222,0.03284947575256545,0.7017224487070253,0.6221033868092691,0.7619787095177009,0.6868848778685279,0.7114172695391165,0.012266195835294343,30,-0.01390907111042072,0.03187613715485581,-0.011948653747482385,-0.09113788045311921,0.04889179643078778,-0.02581181634018676,-0.002006325880654681,0.011902745229766039,30,0.9804745092065814,0.04471538819528469,0.9832374907093153,0.8722201243305356,1.0685635867571008,0.9637775088469414,0.9971715095662215,0.016697000359640002,0.36666666666666664,0.36666666666666664
0.25,1.0,30,30,0.25,0.0,0.25,0.25,0.25,0.25,0.25,0.0,30,0.2501158321750116,0.0013934414168949275,0.25024249757502426,0.24711752882471175,0.25397746022539774,0.24959551259873014,0.25063615175129306,0.0005203195762814677,30,0.2504035235279016,0.006503370296941598,0.2495436644574361,0.23767885532591415,0.2627551020408163,0.24797512514941322,0.2528319219063899,0.002428398378488339,30,0.2507885168823136,0.027260068958617375,0.24317655821163708,0.20927381984513738,0.3191460201921759,0.24060943984471686,0.2609675939199103,0.010179077037596714,30,0.00038499335441196286,0.028255277456964083,-0.004643474796127672,-0.046075392912230395,0.05815425147103559,-0.010165700643821224,0.01093568735264515,0.010550693998233187,30,1.0023001771465323,0.11195549692839611,0.9812893341448015,0.8195592913144748,1.2228202512132524,0.9604953075496666,1.044105046743398,0.04180486959686571,0.4,0.4
0.25,2.0,30,30,0.40000000000000013,1.1292025708167404e-16,0.4,0.4,0.4,0.4000000000000001,0.4000000000000002,4.2165116958599375e-17,30,0.40048999510004896,0.0014614598416295681,0.4003159968400316,0.3983160168398316,0.4037459625403746,0.39994427702655894,0.401035713173539,0.0005457180734900016,30,0.4004643687977664,0.005996192104727405,0.3997827076863855,0.38707704851202607,0.4127269100339118,0.39822535386868074,0.4027033837268521,0.00223901492908568,30,0.4039942248299008,0.03374726394784418,0.4045134627079491,0.344579835725246,0.46502712477396024,0.39139278937298044,0.4165956602868212,0.012601435456920397,30,0.0035298560321344965,0.034295353582532544,0.0048327711448820365,-0.06617616081140687,0.060293396963309376,-0.009276239457872043,0.016335951522141037,0.012806095490006539,30,1.0090318361660917,0.08558221808811804,1.0121577681626093,0.8396611434762771,1.1489705275847848,0.9770749107346184,1.040988761597565,0.03195692543147333,0.6,0.6
0.25,5.0,30,30,0.625,0.0,0.625,0.625,0.625,0.625,0.625,0.0,30,0.6244727552724473,0.0014631641233184892,0.6246737532624673,0.6209337906620934,0.6272737272627273,0.6239264008097158,0.6250191097351787,0.0005463544627314092,30,0.6255640491785187,0.006317147586312985,0.6260787030642219,0.6131695529601289,0.6372411019505329,0.6232051875029828,0.6279229108540546,0.002358861675535887,30,0.6182213068449864,0.039952140396783166,0.6163562280171644,0.5415990479281618,0.684291683247115,0.6033029324442064,0.6331396812457665,0.014918374400780024,30,-0.0073427423335324,0.03753119051383225,-0.008152348976248835,-0.07833677236866932,0.05259615364582626,-0.021357119191234744,0.006671634524169945,0.014014376857702345,30,0.9880782391677807,0.06015431457396991,0.9870539998931285,0.8736372866288628,1.0832618740851685,0.9656162489533832,1.0105402293821784,0.02246199021439757,0.36666666666666664,0.36666666666666664
0.25,10.0,30,30,0.7692307692307695,2.2584051416334807e-16,0.7692307692307693,0.7692307692307693,0.7692307692307693,0.7692307692307694,0.7692307692307696,8.433023391719875e-17,30,0.7687976453568798,0.001640861685435297,0.7685573144268558,0.7654323456765433,0.7730522694773052,0.768184937533967,0.7694103531797926,0.0006127078229127788,30,0.7687197365803206,0.0056580583163340775,0.7686515659056288,0.7530108588351432,0.7804828565631974,0.7666069828828662,0.7708324902777749,0.002112753697454347,30,0.7581111015624836,0.03232206463934543,0.7579092718158187,0.6709794051965545,0.8224284506164597,0.7460418442734601,0.7701803588515072,0.012069257289023564,30,-0.010608635017836938,0.03152971486222603,-0.00960275639556224,-0.0968956198384946,0.04938165407096873,-0.022382024037625205,0.0011647540019513285,0.011773389019788267,30,0.9861828808841654,0.04103304659561225,0.9875444275511562,0.8738132942478865,1.0638792558117312,0.9708608894754828,1.0015048722928481,0.015321991408682673,0.3333333333333333,0.3333333333333333
